4096, 0, 0, 0,
4096, 1, 1, 0,
4096, 2, 2, 0,
4096, 3, 3, 0,
4096, 4, 4, 0,
4096, 5, 5, 0,
4096, 6, 6, 0,
4096, 7, 7, 0,
4096, 8, 8, 0,
4096, 9, 9, 0,
4096, 10, 10, 0,
4096, 11, 11, 0,
4096, 12, 12, 0,
4096, 13, 13, 0,
4096, 14, 14, 0,
4096, 15, 15, 0,
4096, 16, 16, 0,
4096, 17, 17, 0,
4096, 18, 18, 0,
4096, 19, 19, 0,
4096, 20, 20, 0,
4096, 21, 21, 0,
4096, 22, 22, 0,
4096, 23, 23, 0,
4096, 24, 24, 0,
4096, 25, 25, 0,
4096, 26, 26, 0,
4096, 27, 27, 0,
4096, 28, 28, 0,
4096, 29, 29, 0,
4096, 30, 30, 0,
4096, 31, 31, 0,
4096, 32, 32, 0,
4096, 33, 33, 0,
4096, 34, 34, 0,
4096, 35, 35, 0,
4096, 36, 36, 0,
4096, 37, 37, 0,
4096, 38, 38, 0,
4096, 39, 39, 0,
4096, 40, 40, 0,
4096, 41, 41, 0,
4096, 42, 42, 0,
4096, 43, 43, 0,
4096, 44, 44, 0,
4096, 45, 45, 0,
4096, 46, 46, 0,
4096, 47, 47, 0,
4096, 48, 48, 0,
4096, 49, 49, 0,
4096, 50, 50, 0,
4096, 51, 51, 0,
4096, 52, 52, 0,
4096, 53, 53, 0,
4096, 54, 54, 0,
4096, 55, 55, 0,
4096, 56, 56, 0,
4096, 57, 57, 0,
4096, 58, 58, 0,
4096, 59, 59, 0,
4096, 60, 60, 0,
4096, 61, 61, 0,
4096, 62, 62, 0,
4096, 63, 63, 0,
4096, 64, 64, 0,
4096, 65, 65, 0,
4096, 66, 66, 0,
4096, 67, 67, 0,
4096, 68, 68, 0,
4096, 69, 69, 0,
4096, 70, 70, 0,
4096, 71, 71, 0,
4096, 72, 72, 0,
4096, 73, 73, 0,
4096, 74, 74, 0,
4096, 75, 75, 0,
4096, 76, 76, 0,
4096, 77, 77, 0,
4096, 78, 78, 0,
4096, 79, 79, 0,
4096, 80, 80, 0,
4096, 81, 81, 0,
4096, 82, 82, 0,
4096, 83, 83, 0,
4096, 84, 84, 0,
4096, 85, 85, 0,
4096, 86, 86, 0,
4096, 87, 87, 0,
4096, 88, 88, 0,
4096, 89, 89, 0,
4096, 90, 90, 0,
4096, 91, 91, 0,
4096, 92, 92, 0,
4096, 93, 93, 0,
4096, 94, 94, 0,
4096, 95, 95, 0,
4096, 96, 96, 0,
4096, 97, 97, 0,
4096, 98, 98, 0,
4096, 99, 99, 0,
4096, 100, 100, 0,
4096, 101, 101, 0,
4096, 102, 102, 0,
4096, 103, 103, 0,
4096, 104, 104, 0,
4096, 105, 105, 0,
4096, 106, 106, 0,
4096, 107, 107, 0,
4096, 108, 108, 0,
4096, 109, 109, 0,
4096, 110, 110, 0,
4096, 111, 111, 0,
4096, 112, 112, 0,
4096, 113, 113, 0,
4096, 114, 114, 0,
4096, 115, 115, 0,
4096, 116, 116, 0,
4096, 117, 117, 0,
4096, 118, 118, 0,
4096, 119, 119, 0,
4096, 120, 120, 0,
4096, 121, 121, 0,
4096, 122, 122, 0,
4096, 123, 123, 0,
4096, 124, 124, 0,
4096, 125, 125, 0,
4096, 126, 126, 0,
4096, 127, 127, 0,
4096, 128, 128, 0,
4096, 129, 129, 0,
4096, 130, 130, 0,
4096, 131, 131, 0,
4096, 132, 132, 0,
4096, 133, 133, 0,
4096, 134, 134, 0,
4096, 135, 135, 0,
4096, 136, 136, 0,
4096, 137, 137, 0,
4096, 138, 138, 0,
4096, 139, 139, 0,
4096, 140, 140, 0,
4096, 141, 141, 0,
4096, 142, 142, 0,
4096, 143, 143, 0,
4096, 144, 144, 0,
4096, 145, 145, 0,
4096, 146, 146, 0,
4096, 147, 147, 0,
4096, 148, 148, 0,
4096, 149, 149, 0,
4096, 150, 150, 0,
4096, 151, 151, 0,
4096, 152, 152, 0,
4096, 153, 153, 0,
4096, 154, 154, 0,
4096, 155, 155, 0,
4096, 156, 156, 0,
4096, 157, 157, 0,
4096, 158, 158, 0,
4096, 159, 159, 0,
4096, 160, 160, 0,
4096, 161, 161, 0,
4096, 162, 162, 0,
4096, 163, 163, 0,
4096, 164, 164, 0,
4096, 165, 165, 0,
4096, 166, 166, 0,
4096, 167, 167, 0,
4096, 168, 168, 0,
4096, 169, 169, 0,
4096, 170, 170, 0,
4096, 171, 171, 0,
4096, 172, 172, 0,
4096, 173, 173, 0,
4096, 174, 174, 0,
4096, 175, 175, 0,
4096, 176, 176, 0,
4096, 177, 177, 0,
4096, 178, 178, 0,
4096, 179, 179, 0,
4096, 180, 180, 0,
4096, 181, 181, 0,
4096, 182, 182, 0,
4096, 183, 183, 0,
4096, 184, 184, 0,
4096, 185, 185, 0,
4096, 186, 186, 0,
4096, 187, 187, 0,
4096, 188, 188, 0,
4096, 189, 189, 0,
4096, 190, 190, 0,
4096, 191, 191, 0,
4096, 192, 192, 0,
4096, 193, 194, 1,
4096, 194, 195, 1,
4096, 195, 196, 1,
4096, 196, 197, 1,
4096, 197, 198, 1,
4096, 198, 199, 1,
4096, 199, 200, 1,
4096, 200, 201, 1,
4096, 201, 202, 1,
4096, 202, 203, 1,
4096, 203, 204, 1,
4096, 204, 205, 1,
4096, 205, 206, 1,
4096, 206, 207, 1,
4096, 207, 208, 1,
4096, 208, 209, 1,
4096, 209, 210, 1,
4096, 210, 211, 1,
4096, 211, 212, 1,
4096, 212, 213, 1,
4096, 213, 214, 1,
4096, 214, 215, 1,
4096, 215, 216, 1,
4096, 216, 217, 1,
4096, 217, 218, 1,
4096, 218, 219, 1,
4096, 219, 220, 1,
4096, 220, 221, 1,
4096, 221, 222, 1,
4096, 222, 223, 1,
4096, 223, 224, 1,
4096, 224, 225, 1,
4096, 225, 226, 1,
4096, 226, 227, 1,
4096, 227, 228, 1,
4096, 228, 229, 1,
4096, 229, 230, 1,
4096, 230, 231, 1,
4096, 231, 232, 1,
4096, 232, 233, 1,
4096, 233, 234, 1,
4096, 234, 235, 1,
4096, 235, 236, 1,
4096, 236, 237, 1,
4096, 237, 238, 1,
4096, 238, 239, 1,
4096, 239, 240, 1,
4096, 240, 241, 1,
4096, 241, 242, 1,
4096, 242, 243, 1,
4096, 243, 244, 1,
4096, 244, 245, 1,
4096, 245, 246, 1,
4096, 246, 247, 1,
4096, 247, 248, 1,
4096, 248, 249, 1,
4096, 249, 250, 1,
4096, 250, 251, 1,
4096, 251, 252, 1,
4096, 252, 253, 1,
4096, 253, 254, 1,
4096, 254, 255, 1,
4096, 255, 256, 1,
4096, 256, 257, 1,
4096, 257, 258, 1,
4096, 258, 259, 1,
4096, 259, 260, 1,
4096, 260, 261, 1,
4096, 261, 262, 1,
4096, 262, 263, 1,
4096, 263, 264, 1,
4096, 264, 265, 1,
4096, 265, 266, 1,
4096, 266, 267, 1,
4096, 267, 268, 1,
4096, 268, 269, 1,
4096, 269, 270, 1,
4096, 270, 271, 1,
4096, 271, 272, 1,
4096, 272, 273, 1,
4096, 273, 274, 1,
4096, 274, 275, 1,
4096, 275, 276, 1,
4096, 276, 277, 1,
4096, 277, 278, 1,
4096, 278, 279, 1,
4096, 279, 280, 1,
4096, 280, 281, 1,
4096, 281, 282, 1,
4096, 282, 283, 1,
4096, 283, 284, 1,
4096, 284, 285, 1,
4096, 285, 286, 1,
4096, 286, 287, 1,
4096, 287, 288, 1,
4096, 288, 289, 1,
4096, 289, 290, 1,
4096, 290, 291, 1,
4096, 291, 292, 1,
4096, 292, 293, 1,
4096, 293, 294, 1,
4096, 294, 295, 1,
4096, 295, 296, 1,
4096, 296, 297, 1,
4096, 297, 298, 1,
4096, 298, 299, 1,
4096, 299, 300, 1,
4096, 300, 301, 1,
4096, 301, 302, 1,
4096, 302, 303, 1,
4096, 303, 304, 1,
4096, 304, 305, 1,
4096, 305, 306, 1,
4096, 306, 307, 1,
4096, 307, 308, 1,
4096, 308, 309, 1,
4096, 309, 310, 1,
4096, 310, 311, 1,
4096, 311, 312, 1,
4096, 312, 313, 1,
4096, 313, 314, 1,
4096, 314, 315, 1,
4096, 315, 316, 1,
4096, 316, 317, 1,
4096, 317, 318, 1,
4096, 318, 319, 1,
4096, 319, 320, 1,
4096, 320, 321, 1,
4096, 321, 322, 1,
4096, 322, 323, 1,
4096, 323, 324, 1,
4096, 324, 325, 1,
4096, 325, 326, 1,
4096, 326, 327, 1,
4096, 327, 328, 1,
4096, 328, 329, 1,
4096, 329, 330, 1,
4096, 330, 331, 1,
4096, 331, 332, 1,
4096, 332, 333, 1,
4096, 333, 334, 1,
4096, 334, 335, 1,
4096, 335, 336, 1,
4096, 336, 337, 1,
4096, 337, 338, 1,
4096, 338, 339, 1,
4096, 339, 340, 1,
4096, 340, 341, 1,
4096, 341, 342, 1,
4096, 342, 343, 1,
4096, 343, 344, 1,
4096, 344, 345, 1,
4096, 345, 346, 1,
4096, 346, 347, 1,
4096, 347, 348, 1,
4096, 348, 349, 1,
4096, 349, 350, 1,
4096, 350, 351, 1,
4096, 351, 352, 1,
4096, 352, 353, 1,
4096, 353, 354, 1,
4096, 354, 355, 1,
4096, 355, 356, 1,
4096, 356, 357, 1,
4096, 357, 358, 1,
4096, 358, 359, 1,
4096, 359, 360, 1,
4096, 360, 361, 1,
4096, 361, 362, 1,
4096, 362, 363, 1,
4096, 363, 364, 1,
4096, 364, 365, 1,
4096, 365, 366, 1,
4096, 366, 367, 1,
4096, 367, 368, 1,
4096, 368, 369, 1,
4096, 369, 370, 1,
4096, 370, 371, 1,
4096, 371, 372, 1,
4096, 372, 373, 1,
4096, 373, 374, 1,
4096, 374, 375, 1,
4096, 375, 376, 1,
4096, 376, 377, 1,
4096, 377, 378, 1,
4096, 378, 379, 1,
4096, 379, 380, 1,
4096, 380, 381, 1,
4096, 381, 382, 1,
4096, 382, 383, 1,
4096, 383, 384, 1,
4096, 384, 385, 1,
4096, 385, 386, 1,
4096, 386, 387, 1,
4096, 387, 388, 1,
4096, 388, 389, 1,
4096, 389, 390, 1,
4096, 390, 391, 1,
4096, 391, 392, 1,
4096, 392, 393, 1,
4096, 393, 394, 1,
4096, 394, 395, 1,
4096, 395, 396, 1,
4096, 396, 397, 1,
4096, 397, 398, 1,
4096, 398, 399, 1,
4096, 399, 400, 1,
4096, 400, 401, 1,
4096, 401, 402, 1,
4096, 402, 403, 1,
4096, 403, 404, 1,
4096, 404, 405, 1,
4096, 405, 406, 1,
4096, 406, 407, 1,
4096, 407, 408, 1,
4096, 408, 409, 1,
4096, 409, 410, 1,
4096, 410, 411, 1,
4096, 411, 412, 1,
4096, 412, 413, 1,
4096, 413, 414, 1,
4096, 414, 415, 1,
4096, 415, 416, 1,
4096, 416, 417, 1,
4096, 417, 418, 1,
4096, 418, 419, 1,
4096, 419, 420, 1,
4096, 420, 421, 1,
4096, 421, 422, 1,
4096, 422, 423, 1,
4096, 423, 424, 1,
4096, 424, 425, 1,
4096, 425, 426, 1,
4096, 426, 427, 1,
4096, 427, 428, 1,
4096, 428, 429, 1,
4096, 429, 430, 1,
4096, 430, 431, 1,
4096, 431, 432, 1,
4096, 432, 433, 1,
4096, 433, 434, 1,
4096, 434, 435, 1,
4096, 435, 436, 1,
4096, 436, 437, 1,
4096, 437, 438, 1,
4096, 438, 439, 1,
4096, 439, 440, 1,
4096, 440, 441, 1,
4096, 441, 442, 1,
4096, 442, 443, 1,
4096, 443, 444, 1,
4096, 444, 445, 1,
4096, 445, 446, 1,
4096, 446, 447, 1,
4096, 447, 448, 1,
4096, 448, 449, 1,
4096, 449, 450, 1,
4096, 450, 451, 1,
4096, 451, 452, 1,
4096, 452, 453, 1,
4096, 453, 454, 1,
4096, 454, 455, 1,
4096, 455, 456, 1,
4096, 456, 457, 1,
4096, 457, 458, 1,
4096, 458, 459, 1,
4096, 459, 460, 1,
4096, 460, 461, 1,
4096, 461, 462, 1,
4096, 462, 463, 1,
4096, 463, 464, 1,
4096, 464, 465, 1,
4096, 465, 466, 1,
4096, 466, 467, 1,
4096, 467, 468, 1,
4096, 468, 469, 1,
4096, 469, 470, 1,
4096, 470, 471, 1,
4096, 471, 472, 1,
4096, 472, 473, 1,
4096, 473, 474, 1,
4096, 474, 475, 1,
4096, 475, 476, 1,
4096, 476, 477, 1,
4096, 477, 478, 1,
4096, 478, 479, 1,
4096, 479, 480, 1,
4096, 480, 481, 1,
4096, 481, 482, 1,
4096, 482, 483, 1,
4096, 483, 484, 1,
4096, 484, 485, 1,
4096, 485, 486, 1,
4096, 486, 487, 1,
4096, 487, 488, 1,
4096, 488, 489, 1,
4096, 489, 490, 1,
4096, 490, 491, 1,
4096, 491, 492, 1,
4096, 492, 493, 1,
4096, 493, 494, 1,
4096, 494, 495, 1,
4096, 495, 496, 1,
4096, 496, 497, 1,
4096, 497, 498, 1,
4096, 498, 499, 1,
4096, 499, 500, 1,
4096, 500, 501, 1,
4096, 501, 502, 1,
4096, 502, 503, 1,
4096, 503, 504, 1,
4096, 504, 505, 1,
4096, 505, 506, 1,
4096, 506, 507, 1,
4096, 507, 508, 1,
4096, 508, 509, 1,
4096, 509, 510, 1,
4096, 510, 511, 1,
4096, 511, 512, 1,
4096, 512, 513, 1,
4096, 513, 514, 1,
4096, 514, 515, 1,
4096, 515, 516, 1,
4096, 516, 517, 1,
4096, 517, 518, 1,
4096, 518, 519, 1,
4096, 519, 520, 1,
4096, 520, 521, 1,
4096, 521, 522, 1,
4096, 522, 523, 1,
4096, 523, 524, 1,
4096, 524, 525, 1,
4096, 525, 526, 1,
4096, 526, 527, 1,
4096, 527, 528, 1,
4096, 528, 529, 1,
4096, 529, 530, 1,
4096, 530, 531, 1,
4096, 531, 532, 1,
4096, 532, 533, 1,
4096, 533, 534, 1,
4096, 534, 535, 1,
4096, 535, 536, 1,
4096, 536, 537, 1,
4096, 537, 538, 1,
4096, 538, 539, 1,
4096, 539, 540, 1,
4096, 540, 541, 1,
4096, 541, 542, 1,
4096, 542, 543, 1,
4096, 543, 544, 1,
4096, 544, 545, 1,
4096, 545, 546, 1,
4096, 546, 547, 1,
4096, 547, 548, 1,
4096, 548, 549, 1,
4096, 549, 550, 1,
4096, 550, 551, 1,
4096, 551, 552, 1,
4096, 552, 553, 1,
4096, 553, 554, 1,
4096, 554, 555, 1,
4096, 555, 556, 1,
4096, 556, 557, 1,
4096, 557, 558, 1,
4096, 558, 559, 1,
4096, 559, 560, 1,
4096, 560, 561, 1,
4096, 561, 562, 1,
4096, 562, 563, 1,
4096, 563, 564, 1,
4096, 564, 565, 1,
4096, 565, 566, 1,
4096, 566, 567, 1,
4096, 567, 568, 1,
4096, 568, 569, 1,
4096, 569, 570, 1,
4096, 570, 571, 1,
4096, 571, 572, 1,
4096, 572, 573, 1,
4096, 573, 574, 1,
4096, 574, 575, 1,
4096, 575, 576, 1,
4096, 576, 577, 1,
4096, 577, 578, 1,
4096, 578, 579, 1,
4096, 579, 580, 1,
4096, 580, 581, 1,
4096, 581, 582, 1,
4096, 582, 583, 1,
4096, 583, 584, 1,
4096, 584, 585, 1,
4096, 585, 586, 1,
4096, 586, 587, 1,
4096, 587, 588, 1,
4096, 588, 589, 1,
4096, 589, 590, 1,
4096, 590, 591, 1,
4096, 591, 592, 1,
4096, 592, 593, 1,
4096, 593, 594, 1,
4096, 594, 595, 1,
4096, 595, 596, 1,
4096, 596, 597, 1,
4096, 597, 598, 1,
4096, 598, 599, 1,
4096, 599, 600, 1,
4096, 600, 601, 1,
4096, 601, 602, 1,
4096, 602, 603, 1,
4096, 603, 604, 1,
4096, 604, 605, 1,
4096, 605, 606, 1,
4096, 606, 607, 1,
4096, 607, 608, 1,
4096, 608, 609, 1,
4096, 609, 610, 1,
4096, 610, 611, 1,
4096, 611, 612, 1,
4096, 612, 613, 1,
4096, 613, 614, 1,
4096, 614, 615, 1,
4096, 615, 616, 1,
4096, 616, 617, 1,
4096, 617, 618, 1,
4096, 618, 619, 1,
4096, 619, 620, 1,
4096, 620, 621, 1,
4096, 621, 622, 1,
4096, 622, 623, 1,
4096, 623, 624, 1,
4096, 624, 625, 1,
4096, 625, 626, 1,
4096, 626, 627, 1,
4096, 627, 628, 1,
4096, 628, 629, 1,
4096, 629, 630, 1,
4096, 630, 631, 1,
4096, 631, 632, 1,
4096, 632, 633, 1,
4096, 633, 634, 1,
4096, 634, 635, 1,
4096, 635, 636, 1,
4096, 636, 637, 1,
4096, 637, 638, 1,
4096, 638, 639, 1,
4096, 639, 640, 1,
4096, 640, 641, 1,
4096, 641, 642, 1,
4096, 642, 643, 1,
4096, 643, 644, 1,
4096, 644, 645, 1,
4096, 645, 646, 1,
4096, 646, 647, 1,
4096, 647, 648, 1,
4096, 648, 649, 1,
4096, 649, 650, 1,
4096, 650, 651, 1,
4096, 651, 652, 1,
4096, 652, 653, 1,
4096, 653, 654, 1,
4096, 654, 655, 1,
4096, 655, 656, 1,
4096, 656, 657, 1,
4096, 657, 658, 1,
4096, 658, 659, 1,
4096, 659, 660, 1,
4096, 660, 661, 1,
4096, 661, 662, 1,
4096, 662, 663, 1,
4096, 663, 664, 1,
4096, 664, 665, 1,
4096, 665, 666, 1,
4096, 666, 667, 1,
4096, 667, 668, 1,
4096, 668, 669, 1,
4096, 669, 670, 1,
4096, 670, 671, 1,
4096, 671, 672, 1,
4096, 672, 673, 1,
4096, 673, 674, 1,
4096, 674, 675, 1,
4096, 675, 676, 1,
4096, 676, 677, 1,
4096, 677, 678, 1,
4096, 678, 679, 1,
4096, 679, 680, 1,
4096, 680, 681, 1,
4096, 681, 682, 1,
4096, 682, 683, 1,
4096, 683, 684, 1,
4096, 684, 685, 1,
4096, 685, 686, 1,
4096, 686, 687, 1,
4096, 687, 688, 1,
4096, 688, 689, 1,
4096, 689, 690, 1,
4096, 690, 691, 1,
4096, 691, 692, 1,
4096, 692, 693, 1,
4096, 693, 694, 1,
4096, 694, 695, 1,
4096, 695, 696, 1,
4096, 696, 697, 1,
4096, 697, 698, 1,
4096, 698, 699, 1,
4096, 699, 700, 1,
4096, 700, 701, 1,
4096, 701, 702, 1,
4096, 702, 703, 1,
4096, 703, 704, 1,
4096, 704, 705, 1,
4096, 705, 707, 2,
4096, 706, 708, 2,
4096, 707, 709, 2,
4096, 708, 710, 2,
4096, 709, 711, 2,
4096, 710, 712, 2,
4096, 711, 713, 2,
4096, 712, 714, 2,
4096, 713, 715, 2,
4096, 714, 716, 2,
4096, 715, 717, 2,
4096, 716, 718, 2,
4096, 717, 719, 2,
4096, 718, 720, 2,
4096, 719, 721, 2,
4096, 720, 722, 2,
4096, 721, 723, 2,
4096, 722, 724, 2,
4096, 723, 725, 2,
4096, 724, 726, 2,
4096, 725, 727, 2,
4096, 726, 728, 2,
4096, 727, 729, 2,
4096, 728, 730, 2,
4096, 729, 731, 2,
4096, 730, 732, 2,
4096, 731, 733, 2,
4096, 732, 734, 2,
4096, 733, 735, 2,
4096, 734, 736, 2,
4096, 735, 737, 2,
4096, 736, 738, 2,
4096, 737, 739, 2,
4096, 738, 740, 2,
4096, 739, 741, 2,
4096, 740, 742, 2,
4096, 741, 743, 2,
4096, 742, 744, 2,
4096, 743, 745, 2,
4096, 744, 746, 2,
4096, 745, 747, 2,
4096, 746, 748, 2,
4096, 747, 749, 2,
4096, 748, 750, 2,
4096, 749, 751, 2,
4096, 750, 752, 2,
4096, 751, 753, 2,
4096, 752, 754, 2,
4096, 753, 755, 2,
4096, 754, 756, 2,
4096, 755, 757, 2,
4096, 756, 758, 2,
4096, 757, 759, 2,
4096, 758, 760, 2,
4096, 759, 761, 2,
4096, 760, 762, 2,
4096, 761, 763, 2,
4096, 762, 764, 2,
4096, 763, 765, 2,
4096, 764, 766, 2,
4096, 765, 767, 2,
4096, 766, 768, 2,
4096, 767, 769, 2,
4096, 768, 770, 2,
4096, 769, 771, 2,
4096, 770, 772, 2,
4096, 771, 773, 2,
4096, 772, 774, 2,
4096, 773, 775, 2,
4096, 774, 776, 2,
4096, 775, 777, 2,
4096, 776, 778, 2,
4096, 777, 779, 2,
4096, 778, 780, 2,
4096, 779, 781, 2,
4096, 780, 782, 2,
4096, 781, 783, 2,
4096, 782, 784, 2,
4096, 783, 785, 2,
4096, 784, 786, 2,
4096, 785, 787, 2,
4096, 786, 788, 2,
4096, 787, 789, 2,
4096, 788, 790, 2,
4096, 789, 791, 2,
4096, 790, 792, 2,
4096, 791, 793, 2,
4096, 792, 794, 2,
4096, 793, 795, 2,
4096, 794, 796, 2,
4096, 795, 797, 2,
4096, 796, 798, 2,
4096, 797, 799, 2,
4096, 798, 800, 2,
4096, 799, 801, 2,
4096, 800, 802, 2,
4096, 801, 803, 2,
4096, 802, 804, 2,
4096, 803, 805, 2,
4096, 804, 806, 2,
4096, 805, 807, 2,
4096, 806, 808, 2,
4096, 807, 809, 2,
4096, 808, 810, 2,
4096, 809, 811, 2,
4096, 810, 812, 2,
4096, 811, 813, 2,
4096, 812, 814, 2,
4096, 813, 815, 2,
4096, 814, 816, 2,
4096, 815, 817, 2,
4096, 816, 818, 2,
4096, 817, 819, 2,
4096, 818, 820, 2,
4096, 819, 821, 2,
4096, 820, 822, 2,
4096, 821, 823, 2,
4096, 822, 824, 2,
4096, 823, 825, 2,
4096, 824, 826, 2,
4096, 825, 827, 2,
4096, 826, 828, 2,
4096, 827, 829, 2,
4096, 828, 830, 2,
4096, 829, 831, 2,
4096, 830, 832, 2,
4096, 831, 833, 2,
4096, 832, 834, 2,
4096, 833, 835, 2,
4096, 834, 836, 2,
4096, 835, 837, 2,
4096, 836, 838, 2,
4096, 837, 839, 2,
4096, 838, 840, 2,
4096, 839, 841, 2,
4096, 840, 842, 2,
4096, 841, 843, 2,
4096, 842, 844, 2,
4096, 843, 845, 2,
4096, 844, 846, 2,
4096, 845, 847, 2,
4096, 846, 848, 2,
4096, 847, 849, 2,
4096, 848, 850, 2,
4096, 849, 851, 2,
4096, 850, 852, 2,
4096, 851, 853, 2,
4096, 852, 854, 2,
4096, 853, 855, 2,
4096, 854, 856, 2,
4096, 855, 857, 2,
4096, 856, 858, 2,
4096, 857, 859, 2,
4096, 858, 860, 2,
4096, 859, 861, 2,
4096, 860, 862, 2,
4096, 861, 863, 2,
4096, 862, 864, 2,
4096, 863, 865, 2,
4096, 864, 866, 2,
4096, 865, 867, 2,
4096, 866, 868, 2,
4096, 867, 869, 2,
4096, 868, 870, 2,
4096, 869, 871, 2,
4096, 870, 872, 2,
4096, 871, 873, 2,
4096, 872, 874, 2,
4096, 873, 875, 2,
4096, 874, 876, 2,
4096, 875, 877, 2,
4096, 876, 878, 2,
4096, 877, 879, 2,
4096, 878, 880, 2,
4096, 879, 881, 2,
4096, 880, 882, 2,
4096, 881, 883, 2,
4096, 882, 884, 2,
4096, 883, 885, 2,
4096, 884, 886, 2,
4096, 885, 887, 2,
4096, 886, 888, 2,
4096, 887, 889, 2,
4096, 888, 890, 2,
4096, 889, 891, 2,
4096, 890, 892, 2,
4096, 891, 893, 2,
4096, 892, 894, 2,
4096, 893, 895, 2,
4096, 894, 896, 2,
4096, 895, 897, 2,
4096, 896, 898, 2,
4096, 897, 899, 2,
4096, 898, 900, 2,
4096, 899, 901, 2,
4096, 900, 902, 2,
4096, 901, 903, 2,
4096, 902, 904, 2,
4096, 903, 905, 2,
4096, 904, 906, 2,
4096, 905, 907, 2,
4096, 906, 908, 2,
4096, 907, 909, 2,
4096, 908, 910, 2,
4096, 909, 911, 2,
4096, 910, 912, 2,
4096, 911, 913, 2,
4096, 912, 914, 2,
4096, 913, 915, 2,
4096, 914, 916, 2,
4096, 915, 917, 2,
4096, 916, 918, 2,
4096, 917, 919, 2,
4096, 918, 920, 2,
4096, 919, 921, 2,
4096, 920, 922, 2,
4096, 921, 923, 2,
4096, 922, 924, 2,
4096, 923, 925, 2,
4096, 924, 926, 2,
4096, 925, 927, 2,
4096, 926, 928, 2,
4096, 927, 929, 2,
4096, 928, 930, 2,
4096, 929, 931, 2,
4096, 930, 932, 2,
4096, 931, 933, 2,
4096, 932, 934, 2,
4096, 933, 935, 2,
4096, 934, 936, 2,
4096, 935, 937, 2,
4096, 936, 938, 2,
4096, 937, 939, 2,
4096, 938, 940, 2,
4096, 939, 941, 2,
4096, 940, 942, 2,
4096, 941, 943, 2,
4096, 942, 944, 2,
4096, 943, 945, 2,
4096, 944, 946, 2,
4096, 945, 947, 2,
4096, 946, 948, 2,
4096, 947, 949, 2,
4096, 948, 950, 2,
4096, 949, 951, 2,
4096, 950, 952, 2,
4096, 951, 953, 2,
4096, 952, 954, 2,
4096, 953, 955, 2,
4096, 954, 956, 2,
4096, 955, 957, 2,
4096, 956, 958, 2,
4096, 957, 959, 2,
4096, 958, 960, 2,
4096, 959, 961, 2,
4096, 960, 962, 2,
4096, 961, 963, 2,
4096, 962, 964, 2,
4096, 963, 965, 2,
4096, 964, 966, 2,
4096, 965, 967, 2,
4096, 966, 968, 2,
4096, 967, 969, 2,
4096, 968, 970, 2,
4096, 969, 971, 2,
4096, 970, 972, 2,
4096, 971, 973, 2,
4096, 972, 974, 2,
4096, 973, 975, 2,
4096, 974, 976, 2,
4096, 975, 977, 2,
4096, 976, 978, 2,
4096, 977, 979, 2,
4096, 978, 980, 2,
4096, 979, 981, 2,
4096, 980, 982, 2,
4096, 981, 983, 2,
4096, 982, 984, 2,
4096, 983, 985, 2,
4096, 984, 986, 2,
4096, 985, 987, 2,
4096, 986, 988, 2,
4096, 987, 989, 2,
4096, 988, 990, 2,
4096, 989, 991, 2,
4096, 990, 992, 2,
4096, 991, 993, 2,
4096, 992, 994, 2,
4096, 993, 995, 2,
4096, 994, 996, 2,
4096, 995, 997, 2,
4096, 996, 998, 2,
4096, 997, 999, 2,
4096, 998, 1000, 2,
4096, 999, 1001, 2,
4096, 1000, 1002, 2,
4096, 1001, 1003, 2,
4096, 1002, 1004, 2,
4096, 1003, 1005, 2,
4096, 1004, 1006, 2,
4096, 1005, 1007, 2,
4096, 1006, 1008, 2,
4096, 1007, 1009, 2,
4096, 1008, 1010, 2,
4096, 1009, 1011, 2,
4096, 1010, 1012, 2,
4096, 1011, 1013, 2,
4096, 1012, 1014, 2,
4096, 1013, 1015, 2,
4096, 1014, 1016, 2,
4096, 1015, 1017, 2,
4096, 1016, 1018, 2,
4096, 1017, 1019, 2,
4096, 1018, 1020, 2,
4096, 1019, 1021, 2,
4096, 1020, 1022, 2,
4096, 1021, 1023, 2,
4096, 1022, 1024, 2,
4096, 1023, 1025, 2,
4096, 1024, 1026, 2,
4096, 1025, 1027, 2,
4096, 1026, 1028, 2,
4096, 1027, 1029, 2,
4096, 1028, 1030, 2,
4096, 1029, 1031, 2,
4096, 1030, 1032, 2,
4096, 1031, 1033, 2,
4096, 1032, 1034, 2,
4096, 1033, 1035, 2,
4096, 1034, 1036, 2,
4096, 1035, 1037, 2,
4096, 1036, 1038, 2,
4096, 1037, 1039, 2,
4096, 1038, 1040, 2,
4096, 1039, 1041, 2,
4096, 1040, 1042, 2,
4096, 1041, 1043, 2,
4096, 1042, 1044, 2,
4096, 1043, 1045, 2,
4096, 1044, 1046, 2,
4096, 1045, 1047, 2,
4096, 1046, 1048, 2,
4096, 1047, 1049, 2,
4096, 1048, 1050, 2,
4096, 1049, 1051, 2,
4096, 1050, 1052, 2,
4096, 1051, 1053, 2,
4096, 1052, 1054, 2,
4096, 1053, 1055, 2,
4096, 1054, 1056, 2,
4096, 1055, 1057, 2,
4096, 1056, 1058, 2,
4096, 1057, 1059, 2,
4096, 1058, 1060, 2,
4096, 1059, 1061, 2,
4096, 1060, 1062, 2,
4096, 1061, 1063, 2,
4096, 1062, 1064, 2,
4096, 1063, 1065, 2,
4096, 1064, 1066, 2,
4096, 1065, 1067, 2,
4096, 1066, 1068, 2,
4096, 1067, 1069, 2,
4096, 1068, 1070, 2,
4096, 1069, 1071, 2,
4096, 1070, 1072, 2,
4096, 1071, 1073, 2,
4096, 1072, 1074, 2,
4096, 1073, 1075, 2,
4096, 1074, 1076, 2,
4096, 1075, 1077, 2,
4096, 1076, 1078, 2,
4096, 1077, 1079, 2,
4096, 1078, 1080, 2,
4096, 1079, 1081, 2,
4096, 1080, 1082, 2,
4096, 1081, 1083, 2,
4096, 1082, 1084, 2,
4096, 1083, 1085, 2,
4096, 1084, 1086, 2,
4096, 1085, 1087, 2,
4096, 1086, 1088, 2,
4096, 1087, 1089, 2,
4096, 1088, 1090, 2,
4096, 1089, 1091, 2,
4096, 1090, 1092, 2,
4096, 1091, 1093, 2,
4096, 1092, 1094, 2,
4096, 1093, 1095, 2,
4096, 1094, 1096, 2,
4096, 1095, 1097, 2,
4096, 1096, 1098, 2,
4096, 1097, 1099, 2,
4096, 1098, 1100, 2,
4096, 1099, 1101, 2,
4096, 1100, 1102, 2,
4096, 1101, 1103, 2,
4096, 1102, 1104, 2,
4096, 1103, 1105, 2,
4096, 1104, 1106, 2,
4096, 1105, 1107, 2,
4096, 1106, 1108, 2,
4096, 1107, 1109, 2,
4096, 1108, 1110, 2,
4096, 1109, 1111, 2,
4096, 1110, 1112, 2,
4096, 1111, 1113, 2,
4096, 1112, 1114, 2,
4096, 1113, 1115, 2,
4096, 1114, 1116, 2,
4096, 1115, 1117, 2,
4096, 1116, 1118, 2,
4096, 1117, 1119, 2,
4096, 1118, 1120, 2,
4096, 1119, 1121, 2,
4096, 1120, 1122, 2,
4096, 1121, 1123, 2,
4096, 1122, 1124, 2,
4096, 1123, 1125, 2,
4096, 1124, 1126, 2,
4096, 1125, 1127, 2,
4096, 1126, 1128, 2,
4096, 1127, 1129, 2,
4096, 1128, 1130, 2,
4096, 1129, 1131, 2,
4096, 1130, 1132, 2,
4096, 1131, 1133, 2,
4096, 1132, 1134, 2,
4096, 1133, 1135, 2,
4096, 1134, 1136, 2,
4096, 1135, 1137, 2,
4096, 1136, 1138, 2,
4096, 1137, 1139, 2,
4096, 1138, 1140, 2,
4096, 1139, 1141, 2,
4096, 1140, 1142, 2,
4096, 1141, 1143, 2,
4096, 1142, 1144, 2,
4096, 1143, 1145, 2,
4096, 1144, 1146, 2,
4096, 1145, 1147, 2,
4096, 1146, 1148, 2,
4096, 1147, 1149, 2,
4096, 1148, 1150, 2,
4096, 1149, 1151, 2,
4096, 1150, 1152, 2,
4096, 1151, 1153, 2,
4096, 1152, 1154, 2,
4096, 1153, 1155, 2,
4096, 1154, 1156, 2,
4096, 1155, 1157, 2,
4096, 1156, 1158, 2,
4096, 1157, 1159, 2,
4096, 1158, 1160, 2,
4096, 1159, 1161, 2,
4096, 1160, 1162, 2,
4096, 1161, 1163, 2,
4096, 1162, 1164, 2,
4096, 1163, 1165, 2,
4096, 1164, 1166, 2,
4096, 1165, 1167, 2,
4096, 1166, 1168, 2,
4096, 1167, 1169, 2,
4096, 1168, 1170, 2,
4096, 1169, 1171, 2,
4096, 1170, 1172, 2,
4096, 1171, 1173, 2,
4096, 1172, 1174, 2,
4096, 1173, 1175, 2,
4096, 1174, 1176, 2,
4096, 1175, 1177, 2,
4096, 1176, 1178, 2,
4096, 1177, 1179, 2,
4096, 1178, 1180, 2,
4096, 1179, 1181, 2,
4096, 1180, 1182, 2,
4096, 1181, 1183, 2,
4096, 1182, 1184, 2,
4096, 1183, 1185, 2,
4096, 1184, 1186, 2,
4096, 1185, 1187, 2,
4096, 1186, 1188, 2,
4096, 1187, 1189, 2,
4096, 1188, 1190, 2,
4096, 1189, 1191, 2,
4096, 1190, 1192, 2,
4096, 1191, 1193, 2,
4096, 1192, 1194, 2,
4096, 1193, 1195, 2,
4096, 1194, 1196, 2,
4096, 1195, 1197, 2,
4096, 1196, 1198, 2,
4096, 1197, 1199, 2,
4096, 1198, 1200, 2,
4096, 1199, 1201, 2,
4096, 1200, 1202, 2,
4096, 1201, 1203, 2,
4096, 1202, 1204, 2,
4096, 1203, 1205, 2,
4096, 1204, 1206, 2,
4096, 1205, 1207, 2,
4096, 1206, 1208, 2,
4096, 1207, 1209, 2,
4096, 1208, 1210, 2,
4096, 1209, 1211, 2,
4096, 1210, 1212, 2,
4096, 1211, 1213, 2,
4096, 1212, 1214, 2,
4096, 1213, 1215, 2,
4096, 1214, 1216, 2,
4096, 1215, 1217, 2,
4096, 1216, 1218, 2,
4096, 1217, 1220, 3,
4096, 1218, 1221, 3,
4096, 1219, 1222, 3,
4096, 1220, 1223, 3,
4096, 1221, 1224, 3,
4096, 1222, 1225, 3,
4096, 1223, 1226, 3,
4096, 1224, 1227, 3,
4096, 1225, 1228, 3,
4096, 1226, 1229, 3,
4096, 1227, 1230, 3,
4096, 1228, 1231, 3,
4096, 1229, 1232, 3,
4096, 1230, 1233, 3,
4096, 1231, 1234, 3,
4096, 1232, 1235, 3,
4096, 1233, 1236, 3,
4096, 1234, 1237, 3,
4096, 1235, 1238, 3,
4096, 1236, 1239, 3,
4096, 1237, 1240, 3,
4096, 1238, 1241, 3,
4096, 1239, 1242, 3,
4096, 1240, 1243, 3,
4096, 1241, 1244, 3,
4096, 1242, 1245, 3,
4096, 1243, 1246, 3,
4096, 1244, 1247, 3,
4096, 1245, 1248, 3,
4096, 1246, 1249, 3,
4096, 1247, 1250, 3,
4096, 1248, 1251, 3,
4096, 1249, 1252, 3,
4096, 1250, 1253, 3,
4096, 1251, 1254, 3,
4096, 1252, 1255, 3,
4096, 1253, 1256, 3,
4096, 1254, 1257, 3,
4096, 1255, 1258, 3,
4096, 1256, 1259, 3,
4096, 1257, 1260, 3,
4096, 1258, 1261, 3,
4096, 1259, 1262, 3,
4096, 1260, 1263, 3,
4096, 1261, 1264, 3,
4096, 1262, 1265, 3,
4096, 1263, 1266, 3,
4096, 1264, 1267, 3,
4096, 1265, 1268, 3,
4096, 1266, 1269, 3,
4096, 1267, 1270, 3,
4096, 1268, 1271, 3,
4096, 1269, 1272, 3,
4096, 1270, 1273, 3,
4096, 1271, 1274, 3,
4096, 1272, 1275, 3,
4096, 1273, 1276, 3,
4096, 1274, 1277, 3,
4096, 1275, 1278, 3,
4096, 1276, 1279, 3,
4096, 1277, 1280, 3,
4096, 1278, 1281, 3,
4096, 1279, 1282, 3,
4096, 1280, 1283, 3,
4096, 1281, 1284, 3,
4096, 1282, 1285, 3,
4096, 1283, 1286, 3,
4096, 1284, 1287, 3,
4096, 1285, 1288, 3,
4096, 1286, 1289, 3,
4096, 1287, 1290, 3,
4096, 1288, 1291, 3,
4096, 1289, 1292, 3,
4096, 1290, 1293, 3,
4096, 1291, 1294, 3,
4096, 1292, 1295, 3,
4096, 1293, 1296, 3,
4096, 1294, 1297, 3,
4096, 1295, 1298, 3,
4096, 1296, 1299, 3,
4096, 1297, 1300, 3,
4096, 1298, 1301, 3,
4096, 1299, 1302, 3,
4096, 1300, 1303, 3,
4096, 1301, 1304, 3,
4096, 1302, 1305, 3,
4096, 1303, 1306, 3,
4096, 1304, 1307, 3,
4096, 1305, 1308, 3,
4096, 1306, 1309, 3,
4096, 1307, 1310, 3,
4096, 1308, 1311, 3,
4096, 1309, 1312, 3,
4096, 1310, 1313, 3,
4096, 1311, 1314, 3,
4096, 1312, 1315, 3,
4096, 1313, 1316, 3,
4096, 1314, 1317, 3,
4096, 1315, 1318, 3,
4096, 1316, 1319, 3,
4096, 1317, 1320, 3,
4096, 1318, 1321, 3,
4096, 1319, 1322, 3,
4096, 1320, 1323, 3,
4096, 1321, 1324, 3,
4096, 1322, 1325, 3,
4096, 1323, 1326, 3,
4096, 1324, 1327, 3,
4096, 1325, 1328, 3,
4096, 1326, 1329, 3,
4096, 1327, 1330, 3,
4096, 1328, 1331, 3,
4096, 1329, 1332, 3,
4096, 1330, 1333, 3,
4096, 1331, 1334, 3,
4096, 1332, 1335, 3,
4096, 1333, 1336, 3,
4096, 1334, 1337, 3,
4096, 1335, 1338, 3,
4096, 1336, 1339, 3,
4096, 1337, 1340, 3,
4096, 1338, 1341, 3,
4096, 1339, 1342, 3,
4096, 1340, 1343, 3,
4096, 1341, 1344, 3,
4096, 1342, 1345, 3,
4096, 1343, 1346, 3,
4096, 1344, 1347, 3,
4096, 1345, 1348, 3,
4096, 1346, 1349, 3,
4096, 1347, 1350, 3,
4096, 1348, 1351, 3,
4096, 1349, 1352, 3,
4096, 1350, 1353, 3,
4096, 1351, 1354, 3,
4096, 1352, 1355, 3,
4096, 1353, 1356, 3,
4096, 1354, 1357, 3,
4096, 1355, 1358, 3,
4096, 1356, 1359, 3,
4096, 1357, 1360, 3,
4096, 1358, 1361, 3,
4096, 1359, 1362, 3,
4096, 1360, 1363, 3,
4096, 1361, 1364, 3,
4096, 1362, 1365, 3,
4096, 1363, 1366, 3,
4096, 1364, 1367, 3,
4096, 1365, 1368, 3,
4096, 1366, 1369, 3,
4096, 1367, 1370, 3,
4096, 1368, 1371, 3,
4096, 1369, 1372, 3,
4096, 1370, 1373, 3,
4096, 1371, 1374, 3,
4096, 1372, 1375, 3,
4096, 1373, 1376, 3,
4096, 1374, 1377, 3,
4096, 1375, 1378, 3,
4096, 1376, 1379, 3,
4096, 1377, 1380, 3,
4096, 1378, 1381, 3,
4096, 1379, 1382, 3,
4096, 1380, 1383, 3,
4096, 1381, 1384, 3,
4096, 1382, 1385, 3,
4096, 1383, 1386, 3,
4096, 1384, 1387, 3,
4096, 1385, 1388, 3,
4096, 1386, 1389, 3,
4096, 1387, 1390, 3,
4096, 1388, 1391, 3,
4096, 1389, 1392, 3,
4096, 1390, 1393, 3,
4096, 1391, 1394, 3,
4096, 1392, 1395, 3,
4096, 1393, 1396, 3,
4096, 1394, 1397, 3,
4096, 1395, 1398, 3,
4096, 1396, 1399, 3,
4096, 1397, 1400, 3,
4096, 1398, 1401, 3,
4096, 1399, 1402, 3,
4096, 1400, 1403, 3,
4096, 1401, 1404, 3,
4096, 1402, 1405, 3,
4096, 1403, 1406, 3,
4096, 1404, 1407, 3,
4096, 1405, 1408, 3,
4096, 1406, 1409, 3,
4096, 1407, 1410, 3,
4096, 1408, 1411, 3,
4096, 1409, 1412, 3,
4096, 1410, 1413, 3,
4096, 1411, 1414, 3,
4096, 1412, 1415, 3,
4096, 1413, 1416, 3,
4096, 1414, 1417, 3,
4096, 1415, 1418, 3,
4096, 1416, 1419, 3,
4096, 1417, 1420, 3,
4096, 1418, 1421, 3,
4096, 1419, 1422, 3,
4096, 1420, 1423, 3,
4096, 1421, 1424, 3,
4096, 1422, 1425, 3,
4096, 1423, 1426, 3,
4096, 1424, 1427, 3,
4096, 1425, 1428, 3,
4096, 1426, 1429, 3,
4096, 1427, 1430, 3,
4096, 1428, 1431, 3,
4096, 1429, 1432, 3,
4096, 1430, 1433, 3,
4096, 1431, 1434, 3,
4096, 1432, 1435, 3,
4096, 1433, 1436, 3,
4096, 1434, 1437, 3,
4096, 1435, 1438, 3,
4096, 1436, 1439, 3,
4096, 1437, 1440, 3,
4096, 1438, 1441, 3,
4096, 1439, 1442, 3,
4096, 1440, 1443, 3,
4096, 1441, 1444, 3,
4096, 1442, 1445, 3,
4096, 1443, 1446, 3,
4096, 1444, 1447, 3,
4096, 1445, 1448, 3,
4096, 1446, 1449, 3,
4096, 1447, 1450, 3,
4096, 1448, 1451, 3,
4096, 1449, 1452, 3,
4096, 1450, 1453, 3,
4096, 1451, 1454, 3,
4096, 1452, 1455, 3,
4096, 1453, 1456, 3,
4096, 1454, 1457, 3,
4096, 1455, 1458, 3,
4096, 1456, 1459, 3,
4096, 1457, 1460, 3,
4096, 1458, 1461, 3,
4096, 1459, 1462, 3,
4096, 1460, 1463, 3,
4096, 1461, 1464, 3,
4096, 1462, 1465, 3,
4096, 1463, 1466, 3,
4096, 1464, 1467, 3,
4096, 1465, 1468, 3,
4096, 1466, 1469, 3,
4096, 1467, 1470, 3,
4096, 1468, 1471, 3,
4096, 1469, 1472, 3,
4096, 1470, 1473, 3,
4096, 1471, 1474, 3,
4096, 1472, 1475, 3,
4096, 1473, 1476, 3,
4096, 1474, 1477, 3,
4096, 1475, 1478, 3,
4096, 1476, 1479, 3,
4096, 1477, 1480, 3,
4096, 1478, 1481, 3,
4096, 1479, 1482, 3,
4096, 1480, 1483, 3,
4096, 1481, 1484, 3,
4096, 1482, 1485, 3,
4096, 1483, 1486, 3,
4096, 1484, 1487, 3,
4096, 1485, 1488, 3,
4096, 1486, 1489, 3,
4096, 1487, 1490, 3,
4096, 1488, 1491, 3,
4096, 1489, 1492, 3,
4096, 1490, 1493, 3,
4096, 1491, 1494, 3,
4096, 1492, 1495, 3,
4096, 1493, 1496, 3,
4096, 1494, 1497, 3,
4096, 1495, 1498, 3,
4096, 1496, 1499, 3,
4096, 1497, 1500, 3,
4096, 1498, 1501, 3,
4096, 1499, 1502, 3,
4096, 1500, 1503, 3,
4096, 1501, 1504, 3,
4096, 1502, 1505, 3,
4096, 1503, 1506, 3,
4096, 1504, 1507, 3,
4096, 1505, 1508, 3,
4096, 1506, 1509, 3,
4096, 1507, 1510, 3,
4096, 1508, 1511, 3,
4096, 1509, 1512, 3,
4096, 1510, 1513, 3,
4096, 1511, 1514, 3,
4096, 1512, 1515, 3,
4096, 1513, 1516, 3,
4096, 1514, 1517, 3,
4096, 1515, 1518, 3,
4096, 1516, 1519, 3,
4096, 1517, 1520, 3,
4096, 1518, 1521, 3,
4096, 1519, 1522, 3,
4096, 1520, 1523, 3,
4096, 1521, 1524, 3,
4096, 1522, 1525, 3,
4096, 1523, 1526, 3,
4096, 1524, 1527, 3,
4096, 1525, 1528, 3,
4096, 1526, 1529, 3,
4096, 1527, 1530, 3,
4096, 1528, 1531, 3,
4096, 1529, 1532, 3,
4096, 1530, 1533, 3,
4096, 1531, 1534, 3,
4096, 1532, 1535, 3,
4096, 1533, 1536, 3,
4096, 1534, 1537, 3,
4096, 1535, 1538, 3,
4096, 1536, 1539, 3,
4096, 1537, 1540, 3,
4096, 1538, 1541, 3,
4096, 1539, 1542, 3,
4096, 1540, 1543, 3,
4096, 1541, 1544, 3,
4096, 1542, 1545, 3,
4096, 1543, 1546, 3,
4096, 1544, 1547, 3,
4096, 1545, 1548, 3,
4096, 1546, 1549, 3,
4096, 1547, 1550, 3,
4096, 1548, 1551, 3,
4096, 1549, 1552, 3,
4096, 1550, 1553, 3,
4096, 1551, 1554, 3,
4096, 1552, 1555, 3,
4096, 1553, 1556, 3,
4096, 1554, 1557, 3,
4096, 1555, 1558, 3,
4096, 1556, 1559, 3,
4096, 1557, 1560, 3,
4096, 1558, 1561, 3,
4096, 1559, 1562, 3,
4096, 1560, 1563, 3,
4096, 1561, 1564, 3,
4096, 1562, 1565, 3,
4096, 1563, 1566, 3,
4096, 1564, 1567, 3,
4096, 1565, 1568, 3,
4096, 1566, 1569, 3,
4096, 1567, 1570, 3,
4096, 1568, 1571, 3,
4096, 1569, 1572, 3,
4096, 1570, 1573, 3,
4096, 1571, 1574, 3,
4096, 1572, 1575, 3,
4096, 1573, 1576, 3,
4096, 1574, 1577, 3,
4096, 1575, 1578, 3,
4096, 1576, 1579, 3,
4096, 1577, 1580, 3,
4096, 1578, 1581, 3,
4096, 1579, 1582, 3,
4096, 1580, 1583, 3,
4096, 1581, 1584, 3,
4096, 1582, 1585, 3,
4096, 1583, 1586, 3,
4096, 1584, 1587, 3,
4096, 1585, 1588, 3,
4096, 1586, 1589, 3,
4096, 1587, 1590, 3,
4096, 1588, 1591, 3,
4096, 1589, 1592, 3,
4096, 1590, 1593, 3,
4096, 1591, 1594, 3,
4096, 1592, 1595, 3,
4096, 1593, 1596, 3,
4096, 1594, 1597, 3,
4096, 1595, 1598, 3,
4096, 1596, 1599, 3,
4096, 1597, 1600, 3,
4096, 1598, 1601, 3,
4096, 1599, 1602, 3,
4096, 1600, 1603, 3,
4096, 1601, 1604, 3,
4096, 1602, 1605, 3,
4096, 1603, 1606, 3,
4096, 1604, 1607, 3,
4096, 1605, 1608, 3,
4096, 1606, 1609, 3,
4096, 1607, 1610, 3,
4096, 1608, 1611, 3,
4096, 1609, 1612, 3,
4096, 1610, 1613, 3,
4096, 1611, 1614, 3,
4096, 1612, 1615, 3,
4096, 1613, 1616, 3,
4096, 1614, 1617, 3,
4096, 1615, 1618, 3,
4096, 1616, 1619, 3,
4096, 1617, 1620, 3,
4096, 1618, 1621, 3,
4096, 1619, 1622, 3,
4096, 1620, 1623, 3,
4096, 1621, 1624, 3,
4096, 1622, 1625, 3,
4096, 1623, 1626, 3,
4096, 1624, 1627, 3,
4096, 1625, 1628, 3,
4096, 1626, 1629, 3,
4096, 1627, 1630, 3,
4096, 1628, 1631, 3,
4096, 1629, 1632, 3,
4096, 1630, 1633, 3,
4096, 1631, 1634, 3,
4096, 1632, 1635, 3,
4096, 1633, 1636, 3,
4096, 1634, 1637, 3,
4096, 1635, 1638, 3,
4096, 1636, 1639, 3,
4096, 1637, 1640, 3,
4096, 1638, 1641, 3,
4096, 1639, 1642, 3,
4096, 1640, 1643, 3,
4096, 1641, 1644, 3,
4096, 1642, 1645, 3,
4096, 1643, 1646, 3,
4096, 1644, 1647, 3,
4096, 1645, 1648, 3,
4096, 1646, 1649, 3,
4096, 1647, 1650, 3,
4096, 1648, 1651, 3,
4096, 1649, 1652, 3,
4096, 1650, 1653, 3,
4096, 1651, 1654, 3,
4096, 1652, 1655, 3,
4096, 1653, 1656, 3,
4096, 1654, 1657, 3,
4096, 1655, 1658, 3,
4096, 1656, 1659, 3,
4096, 1657, 1660, 3,
4096, 1658, 1661, 3,
4096, 1659, 1662, 3,
4096, 1660, 1663, 3,
4096, 1661, 1664, 3,
4096, 1662, 1665, 3,
4096, 1663, 1666, 3,
4096, 1664, 1667, 3,
4096, 1665, 1668, 3,
4096, 1666, 1669, 3,
4096, 1667, 1670, 3,
4096, 1668, 1671, 3,
4096, 1669, 1672, 3,
4096, 1670, 1673, 3,
4096, 1671, 1674, 3,
4096, 1672, 1675, 3,
4096, 1673, 1676, 3,
4096, 1674, 1677, 3,
4096, 1675, 1678, 3,
4096, 1676, 1679, 3,
4096, 1677, 1680, 3,
4096, 1678, 1681, 3,
4096, 1679, 1682, 3,
4096, 1680, 1683, 3,
4096, 1681, 1684, 3,
4096, 1682, 1685, 3,
4096, 1683, 1686, 3,
4096, 1684, 1687, 3,
4096, 1685, 1688, 3,
4096, 1686, 1689, 3,
4096, 1687, 1690, 3,
4096, 1688, 1691, 3,
4096, 1689, 1692, 3,
4096, 1690, 1693, 3,
4096, 1691, 1694, 3,
4096, 1692, 1695, 3,
4096, 1693, 1696, 3,
4096, 1694, 1697, 3,
4096, 1695, 1698, 3,
4096, 1696, 1699, 3,
4096, 1697, 1700, 3,
4096, 1698, 1701, 3,
4096, 1699, 1702, 3,
4096, 1700, 1703, 3,
4096, 1701, 1704, 3,
4096, 1702, 1705, 3,
4096, 1703, 1706, 3,
4096, 1704, 1707, 3,
4096, 1705, 1708, 3,
4096, 1706, 1709, 3,
4096, 1707, 1710, 3,
4096, 1708, 1711, 3,
4096, 1709, 1712, 3,
4096, 1710, 1713, 3,
4096, 1711, 1714, 3,
4096, 1712, 1715, 3,
4096, 1713, 1716, 3,
4096, 1714, 1717, 3,
4096, 1715, 1718, 3,
4096, 1716, 1719, 3,
4096, 1717, 1720, 3,
4096, 1718, 1721, 3,
4096, 1719, 1722, 3,
4096, 1720, 1723, 3,
4096, 1721, 1724, 3,
4096, 1722, 1725, 3,
4096, 1723, 1726, 3,
4096, 1724, 1727, 3,
4096, 1725, 1728, 3,
4096, 1726, 1729, 3,
4096, 1727, 1730, 3,
4096, 1728, 1731, 3,
4096, 1729, 1733, 4,
4096, 1730, 1734, 4,
4096, 1731, 1735, 4,
4096, 1732, 1736, 4,
4096, 1733, 1737, 4,
4096, 1734, 1738, 4,
4096, 1735, 1739, 4,
4096, 1736, 1740, 4,
4096, 1737, 1741, 4,
4096, 1738, 1742, 4,
4096, 1739, 1743, 4,
4096, 1740, 1744, 4,
4096, 1741, 1745, 4,
4096, 1742, 1746, 4,
4096, 1743, 1747, 4,
4096, 1744, 1748, 4,
4096, 1745, 1749, 4,
4096, 1746, 1750, 4,
4096, 1747, 1751, 4,
4096, 1748, 1752, 4,
4096, 1749, 1753, 4,
4096, 1750, 1754, 4,
4096, 1751, 1755, 4,
4096, 1752, 1756, 4,
4096, 1753, 1757, 4,
4096, 1754, 1758, 4,
4096, 1755, 1759, 4,
4096, 1756, 1760, 4,
4096, 1757, 1761, 4,
4096, 1758, 1762, 4,
4096, 1759, 1763, 4,
4096, 1760, 1764, 4,
4096, 1761, 1765, 4,
4096, 1762, 1766, 4,
4096, 1763, 1767, 4,
4096, 1764, 1768, 4,
4096, 1765, 1769, 4,
4096, 1766, 1770, 4,
4096, 1767, 1771, 4,
4096, 1768, 1772, 4,
4096, 1769, 1773, 4,
4096, 1770, 1774, 4,
4096, 1771, 1775, 4,
4096, 1772, 1776, 4,
4096, 1773, 1777, 4,
4096, 1774, 1778, 4,
4096, 1775, 1779, 4,
4096, 1776, 1780, 4,
4096, 1777, 1781, 4,
4096, 1778, 1782, 4,
4096, 1779, 1783, 4,
4096, 1780, 1784, 4,
4096, 1781, 1785, 4,
4096, 1782, 1786, 4,
4096, 1783, 1787, 4,
4096, 1784, 1788, 4,
4096, 1785, 1789, 4,
4096, 1786, 1790, 4,
4096, 1787, 1791, 4,
4096, 1788, 1792, 4,
4096, 1789, 1793, 4,
4096, 1790, 1794, 4,
4096, 1791, 1795, 4,
4096, 1792, 1796, 4,
4096, 1793, 1797, 4,
4096, 1794, 1798, 4,
4096, 1795, 1799, 4,
4096, 1796, 1800, 4,
4096, 1797, 1801, 4,
4096, 1798, 1802, 4,
4096, 1799, 1803, 4,
4096, 1800, 1804, 4,
4096, 1801, 1805, 4,
4096, 1802, 1806, 4,
4096, 1803, 1807, 4,
4096, 1804, 1808, 4,
4096, 1805, 1809, 4,
4096, 1806, 1810, 4,
4096, 1807, 1811, 4,
4096, 1808, 1812, 4,
4096, 1809, 1813, 4,
4096, 1810, 1814, 4,
4096, 1811, 1815, 4,
4096, 1812, 1816, 4,
4096, 1813, 1817, 4,
4096, 1814, 1818, 4,
4096, 1815, 1819, 4,
4096, 1816, 1820, 4,
4096, 1817, 1821, 4,
4096, 1818, 1822, 4,
4096, 1819, 1823, 4,
4096, 1820, 1824, 4,
4096, 1821, 1825, 4,
4096, 1822, 1826, 4,
4096, 1823, 1827, 4,
4096, 1824, 1828, 4,
4096, 1825, 1829, 4,
4096, 1826, 1830, 4,
4096, 1827, 1831, 4,
4096, 1828, 1832, 4,
4096, 1829, 1833, 4,
4096, 1830, 1834, 4,
4096, 1831, 1835, 4,
4096, 1832, 1836, 4,
4096, 1833, 1837, 4,
4096, 1834, 1838, 4,
4096, 1835, 1839, 4,
4096, 1836, 1840, 4,
4096, 1837, 1841, 4,
4096, 1838, 1842, 4,
4096, 1839, 1843, 4,
4096, 1840, 1844, 4,
4096, 1841, 1845, 4,
4096, 1842, 1846, 4,
4096, 1843, 1847, 4,
4096, 1844, 1848, 4,
4096, 1845, 1849, 4,
4096, 1846, 1850, 4,
4096, 1847, 1851, 4,
4096, 1848, 1852, 4,
4096, 1849, 1853, 4,
4096, 1850, 1854, 4,
4096, 1851, 1855, 4,
4096, 1852, 1856, 4,
4096, 1853, 1857, 4,
4096, 1854, 1858, 4,
4096, 1855, 1859, 4,
4096, 1856, 1860, 4,
4096, 1857, 1861, 4,
4096, 1858, 1862, 4,
4096, 1859, 1863, 4,
4096, 1860, 1864, 4,
4096, 1861, 1865, 4,
4096, 1862, 1866, 4,
4096, 1863, 1867, 4,
4096, 1864, 1868, 4,
4096, 1865, 1869, 4,
4096, 1866, 1870, 4,
4096, 1867, 1871, 4,
4096, 1868, 1872, 4,
4096, 1869, 1873, 4,
4096, 1870, 1874, 4,
4096, 1871, 1875, 4,
4096, 1872, 1876, 4,
4096, 1873, 1877, 4,
4096, 1874, 1878, 4,
4096, 1875, 1879, 4,
4096, 1876, 1880, 4,
4096, 1877, 1881, 4,
4096, 1878, 1882, 4,
4096, 1879, 1883, 4,
4096, 1880, 1884, 4,
4096, 1881, 1885, 4,
4096, 1882, 1886, 4,
4096, 1883, 1887, 4,
4096, 1884, 1888, 4,
4096, 1885, 1889, 4,
4096, 1886, 1890, 4,
4096, 1887, 1891, 4,
4096, 1888, 1892, 4,
4096, 1889, 1893, 4,
4096, 1890, 1894, 4,
4096, 1891, 1895, 4,
4096, 1892, 1896, 4,
4096, 1893, 1897, 4,
4096, 1894, 1898, 4,
4096, 1895, 1899, 4,
4096, 1896, 1900, 4,
4096, 1897, 1901, 4,
4096, 1898, 1902, 4,
4096, 1899, 1903, 4,
4096, 1900, 1904, 4,
4096, 1901, 1905, 4,
4096, 1902, 1906, 4,
4096, 1903, 1907, 4,
4096, 1904, 1908, 4,
4096, 1905, 1909, 4,
4096, 1906, 1910, 4,
4096, 1907, 1911, 4,
4096, 1908, 1912, 4,
4096, 1909, 1913, 4,
4096, 1910, 1914, 4,
4096, 1911, 1915, 4,
4096, 1912, 1916, 4,
4096, 1913, 1917, 4,
4096, 1914, 1918, 4,
4096, 1915, 1919, 4,
4096, 1916, 1920, 4,
4096, 1917, 1921, 4,
4096, 1918, 1922, 4,
4096, 1919, 1923, 4,
4096, 1920, 1924, 4,
4096, 1921, 1925, 4,
4096, 1922, 1926, 4,
4096, 1923, 1927, 4,
4096, 1924, 1928, 4,
4096, 1925, 1929, 4,
4096, 1926, 1930, 4,
4096, 1927, 1931, 4,
4096, 1928, 1932, 4,
4096, 1929, 1933, 4,
4096, 1930, 1934, 4,
4096, 1931, 1935, 4,
4096, 1932, 1936, 4,
4096, 1933, 1937, 4,
4096, 1934, 1938, 4,
4096, 1935, 1939, 4,
4096, 1936, 1940, 4,
4096, 1937, 1941, 4,
4096, 1938, 1942, 4,
4096, 1939, 1943, 4,
4096, 1940, 1944, 4,
4096, 1941, 1945, 4,
4096, 1942, 1946, 4,
4096, 1943, 1947, 4,
4096, 1944, 1948, 4,
4096, 1945, 1949, 4,
4096, 1946, 1950, 4,
4096, 1947, 1951, 4,
4096, 1948, 1952, 4,
4096, 1949, 1953, 4,
4096, 1950, 1954, 4,
4096, 1951, 1955, 4,
4096, 1952, 1956, 4,
4096, 1953, 1957, 4,
4096, 1954, 1958, 4,
4096, 1955, 1959, 4,
4096, 1956, 1960, 4,
4096, 1957, 1961, 4,
4096, 1958, 1962, 4,
4096, 1959, 1963, 4,
4096, 1960, 1964, 4,
4096, 1961, 1965, 4,
4096, 1962, 1966, 4,
4096, 1963, 1967, 4,
4096, 1964, 1968, 4,
4096, 1965, 1969, 4,
4096, 1966, 1970, 4,
4096, 1967, 1971, 4,
4096, 1968, 1972, 4,
4096, 1969, 1973, 4,
4096, 1970, 1974, 4,
4096, 1971, 1975, 4,
4096, 1972, 1976, 4,
4096, 1973, 1977, 4,
4096, 1974, 1978, 4,
4096, 1975, 1979, 4,
4096, 1976, 1980, 4,
4096, 1977, 1981, 4,
4096, 1978, 1982, 4,
4096, 1979, 1983, 4,
4096, 1980, 1984, 4,
4096, 1981, 1985, 4,
4096, 1982, 1986, 4,
4096, 1983, 1987, 4,
4096, 1984, 1988, 4,
4096, 1985, 1989, 4,
4096, 1986, 1990, 4,
4096, 1987, 1991, 4,
4096, 1988, 1992, 4,
4096, 1989, 1993, 4,
4096, 1990, 1994, 4,
4096, 1991, 1995, 4,
4096, 1992, 1996, 4,
4096, 1993, 1997, 4,
4096, 1994, 1998, 4,
4096, 1995, 1999, 4,
4096, 1996, 2000, 4,
4096, 1997, 2001, 4,
4096, 1998, 2002, 4,
4096, 1999, 2003, 4,
4096, 2000, 2004, 4,
4096, 2001, 2005, 4,
4096, 2002, 2006, 4,
4096, 2003, 2007, 4,
4096, 2004, 2008, 4,
4096, 2005, 2009, 4,
4096, 2006, 2010, 4,
4096, 2007, 2011, 4,
4096, 2008, 2012, 4,
4096, 2009, 2013, 4,
4096, 2010, 2014, 4,
4096, 2011, 2015, 4,
4096, 2012, 2016, 4,
4096, 2013, 2017, 4,
4096, 2014, 2018, 4,
4096, 2015, 2019, 4,
4096, 2016, 2020, 4,
4096, 2017, 2021, 4,
4096, 2018, 2022, 4,
4096, 2019, 2023, 4,
4096, 2020, 2024, 4,
4096, 2021, 2025, 4,
4096, 2022, 2026, 4,
4096, 2023, 2027, 4,
4096, 2024, 2028, 4,
4096, 2025, 2029, 4,
4096, 2026, 2030, 4,
4096, 2027, 2031, 4,
4096, 2028, 2032, 4,
4096, 2029, 2033, 4,
4096, 2030, 2034, 4,
4096, 2031, 2035, 4,
4096, 2032, 2036, 4,
4096, 2033, 2037, 4,
4096, 2034, 2038, 4,
4096, 2035, 2039, 4,
4096, 2036, 2040, 4,
4096, 2037, 2041, 4,
4096, 2038, 2042, 4,
4096, 2039, 2043, 4,
4096, 2040, 2044, 4,
4096, 2041, 2045, 4,
4096, 2042, 2046, 4,
4096, 2043, 2047, 4,
4096, 2044, 2048, 4,
4096, 2045, 2049, 4,
4096, 2046, 2050, 4,
4096, 2047, 2051, 4,
4096, 2048, 2052, 4,
4096, 2049, 2053, 4,
4096, 2050, 2054, 4,
4096, 2051, 2055, 4,
4096, 2052, 2056, 4,
4096, 2053, 2057, 4,
4096, 2054, 2058, 4,
4096, 2055, 2059, 4,
4096, 2056, 2060, 4,
4096, 2057, 2061, 4,
4096, 2058, 2062, 4,
4096, 2059, 2063, 4,
4096, 2060, 2064, 4,
4096, 2061, 2065, 4,
4096, 2062, 2066, 4,
4096, 2063, 2067, 4,
4096, 2064, 2068, 4,
4096, 2065, 2069, 4,
4096, 2066, 2070, 4,
4096, 2067, 2071, 4,
4096, 2068, 2072, 4,
4096, 2069, 2073, 4,
4096, 2070, 2074, 4,
4096, 2071, 2075, 4,
4096, 2072, 2076, 4,
4096, 2073, 2077, 4,
4096, 2074, 2078, 4,
4096, 2075, 2079, 4,
4096, 2076, 2080, 4,
4096, 2077, 2081, 4,
4096, 2078, 2082, 4,
4096, 2079, 2083, 4,
4096, 2080, 2084, 4,
4096, 2081, 2085, 4,
4096, 2082, 2086, 4,
4096, 2083, 2087, 4,
4096, 2084, 2088, 4,
4096, 2085, 2089, 4,
4096, 2086, 2090, 4,
4096, 2087, 2091, 4,
4096, 2088, 2092, 4,
4096, 2089, 2093, 4,
4096, 2090, 2094, 4,
4096, 2091, 2095, 4,
4096, 2092, 2096, 4,
4096, 2093, 2097, 4,
4096, 2094, 2098, 4,
4096, 2095, 2099, 4,
4096, 2096, 2100, 4,
4096, 2097, 2101, 4,
4096, 2098, 2102, 4,
4096, 2099, 2103, 4,
4096, 2100, 2104, 4,
4096, 2101, 2105, 4,
4096, 2102, 2106, 4,
4096, 2103, 2107, 4,
4096, 2104, 2108, 4,
4096, 2105, 2109, 4,
4096, 2106, 2110, 4,
4096, 2107, 2111, 4,
4096, 2108, 2112, 4,
4096, 2109, 2113, 4,
4096, 2110, 2114, 4,
4096, 2111, 2115, 4,
4096, 2112, 2116, 4,
4096, 2113, 2117, 4,
4096, 2114, 2118, 4,
4096, 2115, 2119, 4,
4096, 2116, 2120, 4,
4096, 2117, 2121, 4,
4096, 2118, 2122, 4,
4096, 2119, 2123, 4,
4096, 2120, 2124, 4,
4096, 2121, 2125, 4,
4096, 2122, 2126, 4,
4096, 2123, 2127, 4,
4096, 2124, 2128, 4,
4096, 2125, 2129, 4,
4096, 2126, 2130, 4,
4096, 2127, 2131, 4,
4096, 2128, 2132, 4,
4096, 2129, 2133, 4,
4096, 2130, 2134, 4,
4096, 2131, 2135, 4,
4096, 2132, 2136, 4,
4096, 2133, 2137, 4,
4096, 2134, 2138, 4,
4096, 2135, 2139, 4,
4096, 2136, 2140, 4,
4096, 2137, 2141, 4,
4096, 2138, 2142, 4,
4096, 2139, 2143, 4,
4096, 2140, 2144, 4,
4096, 2141, 2145, 4,
4096, 2142, 2146, 4,
4096, 2143, 2147, 4,
4096, 2144, 2148, 4,
4096, 2145, 2149, 4,
4096, 2146, 2150, 4,
4096, 2147, 2151, 4,
4096, 2148, 2152, 4,
4096, 2149, 2153, 4,
4096, 2150, 2154, 4,
4096, 2151, 2155, 4,
4096, 2152, 2156, 4,
4096, 2153, 2157, 4,
4096, 2154, 2158, 4,
4096, 2155, 2159, 4,
4096, 2156, 2160, 4,
4096, 2157, 2161, 4,
4096, 2158, 2162, 4,
4096, 2159, 2163, 4,
4096, 2160, 2164, 4,
4096, 2161, 2165, 4,
4096, 2162, 2166, 4,
4096, 2163, 2167, 4,
4096, 2164, 2168, 4,
4096, 2165, 2169, 4,
4096, 2166, 2170, 4,
4096, 2167, 2171, 4,
4096, 2168, 2172, 4,
4096, 2169, 2173, 4,
4096, 2170, 2174, 4,
4096, 2171, 2175, 4,
4096, 2172, 2176, 4,
4096, 2173, 2177, 4,
4096, 2174, 2178, 4,
4096, 2175, 2179, 4,
4096, 2176, 2180, 4,
4096, 2177, 2181, 4,
4096, 2178, 2182, 4,
4096, 2179, 2183, 4,
4096, 2180, 2184, 4,
4096, 2181, 2185, 4,
4096, 2182, 2186, 4,
4096, 2183, 2187, 4,
4096, 2184, 2188, 4,
4096, 2185, 2189, 4,
4096, 2186, 2190, 4,
4096, 2187, 2191, 4,
4096, 2188, 2192, 4,
4096, 2189, 2193, 4,
4096, 2190, 2194, 4,
4096, 2191, 2195, 4,
4096, 2192, 2196, 4,
4096, 2193, 2197, 4,
4096, 2194, 2198, 4,
4096, 2195, 2199, 4,
4096, 2196, 2200, 4,
4096, 2197, 2201, 4,
4096, 2198, 2202, 4,
4096, 2199, 2203, 4,
4096, 2200, 2204, 4,
4096, 2201, 2205, 4,
4096, 2202, 2206, 4,
4096, 2203, 2207, 4,
4096, 2204, 2208, 4,
4096, 2205, 2209, 4,
4096, 2206, 2210, 4,
4096, 2207, 2211, 4,
4096, 2208, 2212, 4,
4096, 2209, 2213, 4,
4096, 2210, 2214, 4,
4096, 2211, 2215, 4,
4096, 2212, 2216, 4,
4096, 2213, 2217, 4,
4096, 2214, 2218, 4,
4096, 2215, 2219, 4,
4096, 2216, 2220, 4,
4096, 2217, 2221, 4,
4096, 2218, 2222, 4,
4096, 2219, 2223, 4,
4096, 2220, 2224, 4,
4096, 2221, 2225, 4,
4096, 2222, 2226, 4,
4096, 2223, 2227, 4,
4096, 2224, 2228, 4,
4096, 2225, 2229, 4,
4096, 2226, 2230, 4,
4096, 2227, 2231, 4,
4096, 2228, 2232, 4,
4096, 2229, 2233, 4,
4096, 2230, 2234, 4,
4096, 2231, 2235, 4,
4096, 2232, 2236, 4,
4096, 2233, 2237, 4,
4096, 2234, 2238, 4,
4096, 2235, 2239, 4,
4096, 2236, 2240, 4,
4096, 2237, 2241, 4,
4096, 2238, 2242, 4,
4096, 2239, 2243, 4,
4096, 2240, 2244, 4,
4096, 2241, 2246, 5,
4096, 2242, 2247, 5,
4096, 2243, 2248, 5,
4096, 2244, 2249, 5,
4096, 2245, 2250, 5,
4096, 2246, 2251, 5,
4096, 2247, 2252, 5,
4096, 2248, 2253, 5,
4096, 2249, 2254, 5,
4096, 2250, 2255, 5,
4096, 2251, 2256, 5,
4096, 2252, 2257, 5,
4096, 2253, 2258, 5,
4096, 2254, 2259, 5,
4096, 2255, 2260, 5,
4096, 2256, 2261, 5,
4096, 2257, 2262, 5,
4096, 2258, 2263, 5,
4096, 2259, 2264, 5,
4096, 2260, 2265, 5,
4096, 2261, 2266, 5,
4096, 2262, 2267, 5,
4096, 2263, 2268, 5,
4096, 2264, 2269, 5,
4096, 2265, 2270, 5,
4096, 2266, 2271, 5,
4096, 2267, 2272, 5,
4096, 2268, 2273, 5,
4096, 2269, 2274, 5,
4096, 2270, 2275, 5,
4096, 2271, 2276, 5,
4096, 2272, 2277, 5,
4096, 2273, 2278, 5,
4096, 2274, 2279, 5,
4096, 2275, 2280, 5,
4096, 2276, 2281, 5,
4096, 2277, 2282, 5,
4096, 2278, 2283, 5,
4096, 2279, 2284, 5,
4096, 2280, 2285, 5,
4096, 2281, 2286, 5,
4096, 2282, 2287, 5,
4096, 2283, 2288, 5,
4096, 2284, 2289, 5,
4096, 2285, 2290, 5,
4096, 2286, 2291, 5,
4096, 2287, 2292, 5,
4096, 2288, 2293, 5,
4096, 2289, 2294, 5,
4096, 2290, 2295, 5,
4096, 2291, 2296, 5,
4096, 2292, 2297, 5,
4096, 2293, 2298, 5,
4096, 2294, 2299, 5,
4096, 2295, 2300, 5,
4096, 2296, 2301, 5,
4096, 2297, 2302, 5,
4096, 2298, 2303, 5,
4096, 2299, 2304, 5,
4096, 2300, 2305, 5,
4096, 2301, 2306, 5,
4096, 2302, 2307, 5,
4096, 2303, 2308, 5,
4096, 2304, 2309, 5,
4096, 2305, 2310, 5,
4096, 2306, 2311, 5,
4096, 2307, 2312, 5,
4096, 2308, 2313, 5,
4096, 2309, 2314, 5,
4096, 2310, 2315, 5,
4096, 2311, 2316, 5,
4096, 2312, 2317, 5,
4096, 2313, 2318, 5,
4096, 2314, 2319, 5,
4096, 2315, 2320, 5,
4096, 2316, 2321, 5,
4096, 2317, 2322, 5,
4096, 2318, 2323, 5,
4096, 2319, 2324, 5,
4096, 2320, 2325, 5,
4096, 2321, 2326, 5,
4096, 2322, 2327, 5,
4096, 2323, 2328, 5,
4096, 2324, 2329, 5,
4096, 2325, 2330, 5,
4096, 2326, 2331, 5,
4096, 2327, 2332, 5,
4096, 2328, 2333, 5,
4096, 2329, 2334, 5,
4096, 2330, 2335, 5,
4096, 2331, 2336, 5,
4096, 2332, 2337, 5,
4096, 2333, 2338, 5,
4096, 2334, 2339, 5,
4096, 2335, 2340, 5,
4096, 2336, 2341, 5,
4096, 2337, 2342, 5,
4096, 2338, 2343, 5,
4096, 2339, 2344, 5,
4096, 2340, 2345, 5,
4096, 2341, 2346, 5,
4096, 2342, 2347, 5,
4096, 2343, 2348, 5,
4096, 2344, 2349, 5,
4096, 2345, 2350, 5,
4096, 2346, 2351, 5,
4096, 2347, 2352, 5,
4096, 2348, 2353, 5,
4096, 2349, 2354, 5,
4096, 2350, 2355, 5,
4096, 2351, 2356, 5,
4096, 2352, 2357, 5,
4096, 2353, 2358, 5,
4096, 2354, 2359, 5,
4096, 2355, 2360, 5,
4096, 2356, 2361, 5,
4096, 2357, 2362, 5,
4096, 2358, 2363, 5,
4096, 2359, 2364, 5,
4096, 2360, 2365, 5,
4096, 2361, 2366, 5,
4096, 2362, 2367, 5,
4096, 2363, 2368, 5,
4096, 2364, 2369, 5,
4096, 2365, 2370, 5,
4096, 2366, 2371, 5,
4096, 2367, 2372, 5,
4096, 2368, 2373, 5,
4096, 2369, 2374, 5,
4096, 2370, 2375, 5,
4096, 2371, 2376, 5,
4096, 2372, 2377, 5,
4096, 2373, 2378, 5,
4096, 2374, 2379, 5,
4096, 2375, 2380, 5,
4096, 2376, 2381, 5,
4096, 2377, 2382, 5,
4096, 2378, 2383, 5,
4096, 2379, 2384, 5,
4096, 2380, 2385, 5,
4096, 2381, 2386, 5,
4096, 2382, 2387, 5,
4096, 2383, 2388, 5,
4096, 2384, 2389, 5,
4096, 2385, 2390, 5,
4096, 2386, 2391, 5,
4096, 2387, 2392, 5,
4096, 2388, 2393, 5,
4096, 2389, 2394, 5,
4096, 2390, 2395, 5,
4096, 2391, 2396, 5,
4096, 2392, 2397, 5,
4096, 2393, 2398, 5,
4096, 2394, 2399, 5,
4096, 2395, 2400, 5,
4096, 2396, 2401, 5,
4096, 2397, 2402, 5,
4096, 2398, 2403, 5,
4096, 2399, 2404, 5,
4096, 2400, 2405, 5,
4096, 2401, 2406, 5,
4096, 2402, 2407, 5,
4096, 2403, 2408, 5,
4096, 2404, 2409, 5,
4096, 2405, 2410, 5,
4096, 2406, 2411, 5,
4096, 2407, 2412, 5,
4096, 2408, 2413, 5,
4096, 2409, 2414, 5,
4096, 2410, 2415, 5,
4096, 2411, 2416, 5,
4096, 2412, 2417, 5,
4096, 2413, 2418, 5,
4096, 2414, 2419, 5,
4096, 2415, 2420, 5,
4096, 2416, 2421, 5,
4096, 2417, 2422, 5,
4096, 2418, 2423, 5,
4096, 2419, 2424, 5,
4096, 2420, 2425, 5,
4096, 2421, 2426, 5,
4096, 2422, 2427, 5,
4096, 2423, 2428, 5,
4096, 2424, 2429, 5,
4096, 2425, 2430, 5,
4096, 2426, 2431, 5,
4096, 2427, 2432, 5,
4096, 2428, 2433, 5,
4096, 2429, 2434, 5,
4096, 2430, 2435, 5,
4096, 2431, 2436, 5,
4096, 2432, 2437, 5,
4096, 2433, 2438, 5,
4096, 2434, 2439, 5,
4096, 2435, 2440, 5,
4096, 2436, 2441, 5,
4096, 2437, 2442, 5,
4096, 2438, 2443, 5,
4096, 2439, 2444, 5,
4096, 2440, 2445, 5,
4096, 2441, 2446, 5,
4096, 2442, 2447, 5,
4096, 2443, 2448, 5,
4096, 2444, 2449, 5,
4096, 2445, 2450, 5,
4096, 2446, 2451, 5,
4096, 2447, 2452, 5,
4096, 2448, 2453, 5,
4096, 2449, 2454, 5,
4096, 2450, 2455, 5,
4096, 2451, 2456, 5,
4096, 2452, 2457, 5,
4096, 2453, 2458, 5,
4096, 2454, 2459, 5,
4096, 2455, 2460, 5,
4096, 2456, 2461, 5,
4096, 2457, 2462, 5,
4096, 2458, 2463, 5,
4096, 2459, 2464, 5,
4096, 2460, 2465, 5,
4096, 2461, 2466, 5,
4096, 2462, 2467, 5,
4096, 2463, 2468, 5,
4096, 2464, 2469, 5,
4096, 2465, 2470, 5,
4096, 2466, 2471, 5,
4096, 2467, 2472, 5,
4096, 2468, 2473, 5,
4096, 2469, 2474, 5,
4096, 2470, 2475, 5,
4096, 2471, 2476, 5,
4096, 2472, 2477, 5,
4096, 2473, 2478, 5,
4096, 2474, 2479, 5,
4096, 2475, 2480, 5,
4096, 2476, 2481, 5,
4096, 2477, 2482, 5,
4096, 2478, 2483, 5,
4096, 2479, 2484, 5,
4096, 2480, 2485, 5,
4096, 2481, 2486, 5,
4096, 2482, 2487, 5,
4096, 2483, 2488, 5,
4096, 2484, 2489, 5,
4096, 2485, 2490, 5,
4096, 2486, 2491, 5,
4096, 2487, 2492, 5,
4096, 2488, 2493, 5,
4096, 2489, 2494, 5,
4096, 2490, 2495, 5,
4096, 2491, 2496, 5,
4096, 2492, 2497, 5,
4096, 2493, 2498, 5,
4096, 2494, 2499, 5,
4096, 2495, 2500, 5,
4096, 2496, 2501, 5,
4096, 2497, 2502, 5,
4096, 2498, 2503, 5,
4096, 2499, 2504, 5,
4096, 2500, 2505, 5,
4096, 2501, 2506, 5,
4096, 2502, 2507, 5,
4096, 2503, 2508, 5,
4096, 2504, 2509, 5,
4096, 2505, 2510, 5,
4096, 2506, 2511, 5,
4096, 2507, 2512, 5,
4096, 2508, 2513, 5,
4096, 2509, 2514, 5,
4096, 2510, 2515, 5,
4096, 2511, 2516, 5,
4096, 2512, 2517, 5,
4096, 2513, 2518, 5,
4096, 2514, 2519, 5,
4096, 2515, 2520, 5,
4096, 2516, 2521, 5,
4096, 2517, 2522, 5,
4096, 2518, 2523, 5,
4096, 2519, 2524, 5,
4096, 2520, 2525, 5,
4096, 2521, 2526, 5,
4096, 2522, 2527, 5,
4096, 2523, 2528, 5,
4096, 2524, 2529, 5,
4096, 2525, 2530, 5,
4096, 2526, 2531, 5,
4096, 2527, 2532, 5,
4096, 2528, 2533, 5,
4096, 2529, 2534, 5,
4096, 2530, 2535, 5,
4096, 2531, 2536, 5,
4096, 2532, 2537, 5,
4096, 2533, 2538, 5,
4096, 2534, 2539, 5,
4096, 2535, 2540, 5,
4096, 2536, 2541, 5,
4096, 2537, 2542, 5,
4096, 2538, 2543, 5,
4096, 2539, 2544, 5,
4096, 2540, 2545, 5,
4096, 2541, 2546, 5,
4096, 2542, 2547, 5,
4096, 2543, 2548, 5,
4096, 2544, 2549, 5,
4096, 2545, 2550, 5,
4096, 2546, 2551, 5,
4096, 2547, 2552, 5,
4096, 2548, 2553, 5,
4096, 2549, 2554, 5,
4096, 2550, 2555, 5,
4096, 2551, 2556, 5,
4096, 2552, 2557, 5,
4096, 2553, 2558, 5,
4096, 2554, 2559, 5,
4096, 2555, 2560, 5,
4096, 2556, 2561, 5,
4096, 2557, 2562, 5,
4096, 2558, 2563, 5,
4096, 2559, 2564, 5,
4096, 2560, 2565, 5,
4096, 2561, 2566, 5,
4096, 2562, 2567, 5,
4096, 2563, 2568, 5,
4096, 2564, 2569, 5,
4096, 2565, 2570, 5,
4096, 2566, 2571, 5,
4096, 2567, 2572, 5,
4096, 2568, 2573, 5,
4096, 2569, 2574, 5,
4096, 2570, 2575, 5,
4096, 2571, 2576, 5,
4096, 2572, 2577, 5,
4096, 2573, 2578, 5,
4096, 2574, 2579, 5,
4096, 2575, 2580, 5,
4096, 2576, 2581, 5,
4096, 2577, 2582, 5,
4096, 2578, 2583, 5,
4096, 2579, 2584, 5,
4096, 2580, 2585, 5,
4096, 2581, 2586, 5,
4096, 2582, 2587, 5,
4096, 2583, 2588, 5,
4096, 2584, 2589, 5,
4096, 2585, 2590, 5,
4096, 2586, 2591, 5,
4096, 2587, 2592, 5,
4096, 2588, 2593, 5,
4096, 2589, 2594, 5,
4096, 2590, 2595, 5,
4096, 2591, 2596, 5,
4096, 2592, 2597, 5,
4096, 2593, 2598, 5,
4096, 2594, 2599, 5,
4096, 2595, 2600, 5,
4096, 2596, 2601, 5,
4096, 2597, 2602, 5,
4096, 2598, 2603, 5,
4096, 2599, 2604, 5,
4096, 2600, 2605, 5,
4096, 2601, 2606, 5,
4096, 2602, 2607, 5,
4096, 2603, 2608, 5,
4096, 2604, 2609, 5,
4096, 2605, 2610, 5,
4096, 2606, 2611, 5,
4096, 2607, 2612, 5,
4096, 2608, 2613, 5,
4096, 2609, 2614, 5,
4096, 2610, 2615, 5,
4096, 2611, 2616, 5,
4096, 2612, 2617, 5,
4096, 2613, 2618, 5,
4096, 2614, 2619, 5,
4096, 2615, 2620, 5,
4096, 2616, 2621, 5,
4096, 2617, 2622, 5,
4096, 2618, 2623, 5,
4096, 2619, 2624, 5,
4096, 2620, 2625, 5,
4096, 2621, 2626, 5,
4096, 2622, 2627, 5,
4096, 2623, 2628, 5,
4096, 2624, 2629, 5,
4096, 2625, 2630, 5,
4096, 2626, 2631, 5,
4096, 2627, 2632, 5,
4096, 2628, 2633, 5,
4096, 2629, 2634, 5,
4096, 2630, 2635, 5,
4096, 2631, 2636, 5,
4096, 2632, 2637, 5,
4096, 2633, 2638, 5,
4096, 2634, 2639, 5,
4096, 2635, 2640, 5,
4096, 2636, 2641, 5,
4096, 2637, 2642, 5,
4096, 2638, 2643, 5,
4096, 2639, 2644, 5,
4096, 2640, 2645, 5,
4096, 2641, 2646, 5,
4096, 2642, 2647, 5,
4096, 2643, 2648, 5,
4096, 2644, 2649, 5,
4096, 2645, 2650, 5,
4096, 2646, 2651, 5,
4096, 2647, 2652, 5,
4096, 2648, 2653, 5,
4096, 2649, 2654, 5,
4096, 2650, 2655, 5,
4096, 2651, 2656, 5,
4096, 2652, 2657, 5,
4096, 2653, 2658, 5,
4096, 2654, 2659, 5,
4096, 2655, 2660, 5,
4096, 2656, 2661, 5,
4096, 2657, 2662, 5,
4096, 2658, 2663, 5,
4096, 2659, 2664, 5,
4096, 2660, 2665, 5,
4096, 2661, 2666, 5,
4096, 2662, 2667, 5,
4096, 2663, 2668, 5,
4096, 2664, 2669, 5,
4096, 2665, 2670, 5,
4096, 2666, 2671, 5,
4096, 2667, 2672, 5,
4096, 2668, 2673, 5,
4096, 2669, 2674, 5,
4096, 2670, 2675, 5,
4096, 2671, 2676, 5,
4096, 2672, 2677, 5,
4096, 2673, 2678, 5,
4096, 2674, 2679, 5,
4096, 2675, 2680, 5,
4096, 2676, 2681, 5,
4096, 2677, 2682, 5,
4096, 2678, 2683, 5,
4096, 2679, 2684, 5,
4096, 2680, 2685, 5,
4096, 2681, 2686, 5,
4096, 2682, 2687, 5,
4096, 2683, 2688, 5,
4096, 2684, 2689, 5,
4096, 2685, 2690, 5,
4096, 2686, 2691, 5,
4096, 2687, 2692, 5,
4096, 2688, 2693, 5,
4096, 2689, 2694, 5,
4096, 2690, 2695, 5,
4096, 2691, 2696, 5,
4096, 2692, 2697, 5,
4096, 2693, 2698, 5,
4096, 2694, 2699, 5,
4096, 2695, 2700, 5,
4096, 2696, 2701, 5,
4096, 2697, 2702, 5,
4096, 2698, 2703, 5,
4096, 2699, 2704, 5,
4096, 2700, 2705, 5,
4096, 2701, 2706, 5,
4096, 2702, 2707, 5,
4096, 2703, 2708, 5,
4096, 2704, 2709, 5,
4096, 2705, 2710, 5,
4096, 2706, 2711, 5,
4096, 2707, 2712, 5,
4096, 2708, 2713, 5,
4096, 2709, 2714, 5,
4096, 2710, 2715, 5,
4096, 2711, 2716, 5,
4096, 2712, 2717, 5,
4096, 2713, 2718, 5,
4096, 2714, 2719, 5,
4096, 2715, 2720, 5,
4096, 2716, 2721, 5,
4096, 2717, 2722, 5,
4096, 2718, 2723, 5,
4096, 2719, 2724, 5,
4096, 2720, 2725, 5,
4096, 2721, 2726, 5,
4096, 2722, 2727, 5,
4096, 2723, 2728, 5,
4096, 2724, 2729, 5,
4096, 2725, 2730, 5,
4096, 2726, 2731, 5,
4096, 2727, 2732, 5,
4096, 2728, 2733, 5,
4096, 2729, 2734, 5,
4096, 2730, 2735, 5,
4096, 2731, 2736, 5,
4096, 2732, 2737, 5,
4096, 2733, 2738, 5,
4096, 2734, 2739, 5,
4096, 2735, 2740, 5,
4096, 2736, 2741, 5,
4096, 2737, 2742, 5,
4096, 2738, 2743, 5,
4096, 2739, 2744, 5,
4096, 2740, 2745, 5,
4096, 2741, 2746, 5,
4096, 2742, 2747, 5,
4096, 2743, 2748, 5,
4096, 2744, 2749, 5,
4096, 2745, 2750, 5,
4096, 2746, 2751, 5,
4096, 2747, 2752, 5,
4096, 2748, 2753, 5,
4096, 2749, 2754, 5,
4096, 2750, 2755, 5,
4096, 2751, 2756, 5,
4096, 2752, 2757, 5,
4096, 2753, 2759, 6,
4096, 2754, 2760, 6,
4096, 2755, 2761, 6,
4096, 2756, 2762, 6,
4096, 2757, 2763, 6,
4096, 2758, 2764, 6,
4096, 2759, 2765, 6,
4096, 2760, 2766, 6,
4096, 2761, 2767, 6,
4096, 2762, 2768, 6,
4096, 2763, 2769, 6,
4096, 2764, 2770, 6,
4096, 2765, 2771, 6,
4096, 2766, 2772, 6,
4096, 2767, 2773, 6,
4096, 2768, 2774, 6,
4096, 2769, 2775, 6,
4096, 2770, 2776, 6,
4096, 2771, 2777, 6,
4096, 2772, 2778, 6,
4096, 2773, 2779, 6,
4096, 2774, 2780, 6,
4096, 2775, 2781, 6,
4096, 2776, 2782, 6,
4096, 2777, 2783, 6,
4096, 2778, 2784, 6,
4096, 2779, 2785, 6,
4096, 2780, 2786, 6,
4096, 2781, 2787, 6,
4096, 2782, 2788, 6,
4096, 2783, 2789, 6,
4096, 2784, 2790, 6,
4096, 2785, 2791, 6,
4096, 2786, 2792, 6,
4096, 2787, 2793, 6,
4096, 2788, 2794, 6,
4096, 2789, 2795, 6,
4096, 2790, 2796, 6,
4096, 2791, 2797, 6,
4096, 2792, 2798, 6,
4096, 2793, 2799, 6,
4096, 2794, 2800, 6,
4096, 2795, 2801, 6,
4096, 2796, 2802, 6,
4096, 2797, 2803, 6,
4096, 2798, 2804, 6,
4096, 2799, 2805, 6,
4096, 2800, 2806, 6,
4096, 2801, 2807, 6,
4096, 2802, 2808, 6,
4096, 2803, 2809, 6,
4096, 2804, 2810, 6,
4096, 2805, 2811, 6,
4096, 2806, 2812, 6,
4096, 2807, 2813, 6,
4096, 2808, 2814, 6,
4096, 2809, 2815, 6,
4096, 2810, 2816, 6,
4096, 2811, 2817, 6,
4096, 2812, 2818, 6,
4096, 2813, 2819, 6,
4096, 2814, 2820, 6,
4096, 2815, 2821, 6,
4096, 2816, 2822, 6,
4096, 2817, 2823, 6,
4096, 2818, 2824, 6,
4096, 2819, 2825, 6,
4096, 2820, 2826, 6,
4096, 2821, 2827, 6,
4096, 2822, 2828, 6,
4096, 2823, 2829, 6,
4096, 2824, 2830, 6,
4096, 2825, 2831, 6,
4096, 2826, 2832, 6,
4096, 2827, 2833, 6,
4096, 2828, 2834, 6,
4096, 2829, 2835, 6,
4096, 2830, 2836, 6,
4096, 2831, 2837, 6,
4096, 2832, 2838, 6,
4096, 2833, 2839, 6,
4096, 2834, 2840, 6,
4096, 2835, 2841, 6,
4096, 2836, 2842, 6,
4096, 2837, 2843, 6,
4096, 2838, 2844, 6,
4096, 2839, 2845, 6,
4096, 2840, 2846, 6,
4096, 2841, 2847, 6,
4096, 2842, 2848, 6,
4096, 2843, 2849, 6,
4096, 2844, 2850, 6,
4096, 2845, 2851, 6,
4096, 2846, 2852, 6,
4096, 2847, 2853, 6,
4096, 2848, 2854, 6,
4096, 2849, 2855, 6,
4096, 2850, 2856, 6,
4096, 2851, 2857, 6,
4096, 2852, 2858, 6,
4096, 2853, 2859, 6,
4096, 2854, 2860, 6,
4096, 2855, 2861, 6,
4096, 2856, 2862, 6,
4096, 2857, 2863, 6,
4096, 2858, 2864, 6,
4096, 2859, 2865, 6,
4096, 2860, 2866, 6,
4096, 2861, 2867, 6,
4096, 2862, 2868, 6,
4096, 2863, 2869, 6,
4096, 2864, 2870, 6,
4096, 2865, 2871, 6,
4096, 2866, 2872, 6,
4096, 2867, 2873, 6,
4096, 2868, 2874, 6,
4096, 2869, 2875, 6,
4096, 2870, 2876, 6,
4096, 2871, 2877, 6,
4096, 2872, 2878, 6,
4096, 2873, 2879, 6,
4096, 2874, 2880, 6,
4096, 2875, 2881, 6,
4096, 2876, 2882, 6,
4096, 2877, 2883, 6,
4096, 2878, 2884, 6,
4096, 2879, 2885, 6,
4096, 2880, 2886, 6,
4096, 2881, 2887, 6,
4096, 2882, 2888, 6,
4096, 2883, 2889, 6,
4096, 2884, 2890, 6,
4096, 2885, 2891, 6,
4096, 2886, 2892, 6,
4096, 2887, 2893, 6,
4096, 2888, 2894, 6,
4096, 2889, 2895, 6,
4096, 2890, 2896, 6,
4096, 2891, 2897, 6,
4096, 2892, 2898, 6,
4096, 2893, 2899, 6,
4096, 2894, 2900, 6,
4096, 2895, 2901, 6,
4096, 2896, 2902, 6,
4096, 2897, 2903, 6,
4096, 2898, 2904, 6,
4096, 2899, 2905, 6,
4096, 2900, 2906, 6,
4096, 2901, 2907, 6,
4096, 2902, 2908, 6,
4096, 2903, 2909, 6,
4096, 2904, 2910, 6,
4096, 2905, 2911, 6,
4096, 2906, 2912, 6,
4096, 2907, 2913, 6,
4096, 2908, 2914, 6,
4096, 2909, 2915, 6,
4096, 2910, 2916, 6,
4096, 2911, 2917, 6,
4096, 2912, 2918, 6,
4096, 2913, 2919, 6,
4096, 2914, 2920, 6,
4096, 2915, 2921, 6,
4096, 2916, 2922, 6,
4096, 2917, 2923, 6,
4096, 2918, 2924, 6,
4096, 2919, 2925, 6,
4096, 2920, 2926, 6,
4096, 2921, 2927, 6,
4096, 2922, 2928, 6,
4096, 2923, 2929, 6,
4096, 2924, 2930, 6,
4096, 2925, 2931, 6,
4096, 2926, 2932, 6,
4096, 2927, 2933, 6,
4096, 2928, 2934, 6,
4096, 2929, 2935, 6,
4096, 2930, 2936, 6,
4096, 2931, 2937, 6,
4096, 2932, 2938, 6,
4096, 2933, 2939, 6,
4096, 2934, 2940, 6,
4096, 2935, 2941, 6,
4096, 2936, 2942, 6,
4096, 2937, 2943, 6,
4096, 2938, 2944, 6,
4096, 2939, 2945, 6,
4096, 2940, 2946, 6,
4096, 2941, 2947, 6,
4096, 2942, 2948, 6,
4096, 2943, 2949, 6,
4096, 2944, 2950, 6,
4096, 2945, 2951, 6,
4096, 2946, 2952, 6,
4096, 2947, 2953, 6,
4096, 2948, 2954, 6,
4096, 2949, 2955, 6,
4096, 2950, 2956, 6,
4096, 2951, 2957, 6,
4096, 2952, 2958, 6,
4096, 2953, 2959, 6,
4096, 2954, 2960, 6,
4096, 2955, 2961, 6,
4096, 2956, 2962, 6,
4096, 2957, 2963, 6,
4096, 2958, 2964, 6,
4096, 2959, 2965, 6,
4096, 2960, 2966, 6,
4096, 2961, 2967, 6,
4096, 2962, 2968, 6,
4096, 2963, 2969, 6,
4096, 2964, 2970, 6,
4096, 2965, 2971, 6,
4096, 2966, 2972, 6,
4096, 2967, 2973, 6,
4096, 2968, 2974, 6,
4096, 2969, 2975, 6,
4096, 2970, 2976, 6,
4096, 2971, 2977, 6,
4096, 2972, 2978, 6,
4096, 2973, 2979, 6,
4096, 2974, 2980, 6,
4096, 2975, 2981, 6,
4096, 2976, 2982, 6,
4096, 2977, 2983, 6,
4096, 2978, 2984, 6,
4096, 2979, 2985, 6,
4096, 2980, 2986, 6,
4096, 2981, 2987, 6,
4096, 2982, 2988, 6,
4096, 2983, 2989, 6,
4096, 2984, 2990, 6,
4096, 2985, 2991, 6,
4096, 2986, 2992, 6,
4096, 2987, 2993, 6,
4096, 2988, 2994, 6,
4096, 2989, 2995, 6,
4096, 2990, 2996, 6,
4096, 2991, 2997, 6,
4096, 2992, 2998, 6,
4096, 2993, 2999, 6,
4096, 2994, 3000, 6,
4096, 2995, 3001, 6,
4096, 2996, 3002, 6,
4096, 2997, 3003, 6,
4096, 2998, 3004, 6,
4096, 2999, 3005, 6,
4096, 3000, 3006, 6,
4096, 3001, 3007, 6,
4096, 3002, 3008, 6,
4096, 3003, 3009, 6,
4096, 3004, 3010, 6,
4096, 3005, 3011, 6,
4096, 3006, 3012, 6,
4096, 3007, 3013, 6,
4096, 3008, 3014, 6,
4096, 3009, 3015, 6,
4096, 3010, 3016, 6,
4096, 3011, 3017, 6,
4096, 3012, 3018, 6,
4096, 3013, 3019, 6,
4096, 3014, 3020, 6,
4096, 3015, 3021, 6,
4096, 3016, 3022, 6,
4096, 3017, 3023, 6,
4096, 3018, 3024, 6,
4096, 3019, 3025, 6,
4096, 3020, 3026, 6,
4096, 3021, 3027, 6,
4096, 3022, 3028, 6,
4096, 3023, 3029, 6,
4096, 3024, 3030, 6,
4096, 3025, 3031, 6,
4096, 3026, 3032, 6,
4096, 3027, 3033, 6,
4096, 3028, 3034, 6,
4096, 3029, 3035, 6,
4096, 3030, 3036, 6,
4096, 3031, 3037, 6,
4096, 3032, 3038, 6,
4096, 3033, 3039, 6,
4096, 3034, 3040, 6,
4096, 3035, 3041, 6,
4096, 3036, 3042, 6,
4096, 3037, 3043, 6,
4096, 3038, 3044, 6,
4096, 3039, 3045, 6,
4096, 3040, 3046, 6,
4096, 3041, 3047, 6,
4096, 3042, 3048, 6,
4096, 3043, 3049, 6,
4096, 3044, 3050, 6,
4096, 3045, 3051, 6,
4096, 3046, 3052, 6,
4096, 3047, 3053, 6,
4096, 3048, 3054, 6,
4096, 3049, 3055, 6,
4096, 3050, 3056, 6,
4096, 3051, 3057, 6,
4096, 3052, 3058, 6,
4096, 3053, 3059, 6,
4096, 3054, 3060, 6,
4096, 3055, 3061, 6,
4096, 3056, 3062, 6,
4096, 3057, 3063, 6,
4096, 3058, 3064, 6,
4096, 3059, 3065, 6,
4096, 3060, 3066, 6,
4096, 3061, 3067, 6,
4096, 3062, 3068, 6,
4096, 3063, 3069, 6,
4096, 3064, 3070, 6,
4096, 3065, 3071, 6,
4096, 3066, 3072, 6,
4096, 3067, 3073, 6,
4096, 3068, 3074, 6,
4096, 3069, 3075, 6,
4096, 3070, 3076, 6,
4096, 3071, 3077, 6,
4096, 3072, 3078, 6,
4096, 3073, 3079, 6,
4096, 3074, 3080, 6,
4096, 3075, 3081, 6,
4096, 3076, 3082, 6,
4096, 3077, 3083, 6,
4096, 3078, 3084, 6,
4096, 3079, 3085, 6,
4096, 3080, 3086, 6,
4096, 3081, 3087, 6,
4096, 3082, 3088, 6,
4096, 3083, 3089, 6,
4096, 3084, 3090, 6,
4096, 3085, 3091, 6,
4096, 3086, 3092, 6,
4096, 3087, 3093, 6,
4096, 3088, 3094, 6,
4096, 3089, 3095, 6,
4096, 3090, 3096, 6,
4096, 3091, 3097, 6,
4096, 3092, 3098, 6,
4096, 3093, 3099, 6,
4096, 3094, 3100, 6,
4096, 3095, 3101, 6,
4096, 3096, 3102, 6,
4096, 3097, 3103, 6,
4096, 3098, 3104, 6,
4096, 3099, 3105, 6,
4096, 3100, 3106, 6,
4096, 3101, 3107, 6,
4096, 3102, 3108, 6,
4096, 3103, 3109, 6,
4096, 3104, 3110, 6,
4096, 3105, 3111, 6,
4096, 3106, 3112, 6,
4096, 3107, 3113, 6,
4096, 3108, 3114, 6,
4096, 3109, 3115, 6,
4096, 3110, 3116, 6,
4096, 3111, 3117, 6,
4096, 3112, 3118, 6,
4096, 3113, 3119, 6,
4096, 3114, 3120, 6,
4096, 3115, 3121, 6,
4096, 3116, 3122, 6,
4096, 3117, 3123, 6,
4096, 3118, 3124, 6,
4096, 3119, 3125, 6,
4096, 3120, 3126, 6,
4096, 3121, 3127, 6,
4096, 3122, 3128, 6,
4096, 3123, 3129, 6,
4096, 3124, 3130, 6,
4096, 3125, 3131, 6,
4096, 3126, 3132, 6,
4096, 3127, 3133, 6,
4096, 3128, 3134, 6,
4096, 3129, 3135, 6,
4096, 3130, 3136, 6,
4096, 3131, 3137, 6,
4096, 3132, 3138, 6,
4096, 3133, 3139, 6,
4096, 3134, 3140, 6,
4096, 3135, 3141, 6,
4096, 3136, 3142, 6,
4096, 3137, 3143, 6,
4096, 3138, 3144, 6,
4096, 3139, 3145, 6,
4096, 3140, 3146, 6,
4096, 3141, 3147, 6,
4096, 3142, 3148, 6,
4096, 3143, 3149, 6,
4096, 3144, 3150, 6,
4096, 3145, 3151, 6,
4096, 3146, 3152, 6,
4096, 3147, 3153, 6,
4096, 3148, 3154, 6,
4096, 3149, 3155, 6,
4096, 3150, 3156, 6,
4096, 3151, 3157, 6,
4096, 3152, 3158, 6,
4096, 3153, 3159, 6,
4096, 3154, 3160, 6,
4096, 3155, 3161, 6,
4096, 3156, 3162, 6,
4096, 3157, 3163, 6,
4096, 3158, 3164, 6,
4096, 3159, 3165, 6,
4096, 3160, 3166, 6,
4096, 3161, 3167, 6,
4096, 3162, 3168, 6,
4096, 3163, 3169, 6,
4096, 3164, 3170, 6,
4096, 3165, 3171, 6,
4096, 3166, 3172, 6,
4096, 3167, 3173, 6,
4096, 3168, 3174, 6,
4096, 3169, 3175, 6,
4096, 3170, 3176, 6,
4096, 3171, 3177, 6,
4096, 3172, 3178, 6,
4096, 3173, 3179, 6,
4096, 3174, 3180, 6,
4096, 3175, 3181, 6,
4096, 3176, 3182, 6,
4096, 3177, 3183, 6,
4096, 3178, 3184, 6,
4096, 3179, 3185, 6,
4096, 3180, 3186, 6,
4096, 3181, 3187, 6,
4096, 3182, 3188, 6,
4096, 3183, 3189, 6,
4096, 3184, 3190, 6,
4096, 3185, 3191, 6,
4096, 3186, 3192, 6,
4096, 3187, 3193, 6,
4096, 3188, 3194, 6,
4096, 3189, 3195, 6,
4096, 3190, 3196, 6,
4096, 3191, 3197, 6,
4096, 3192, 3198, 6,
4096, 3193, 3199, 6,
4096, 3194, 3200, 6,
4096, 3195, 3201, 6,
4096, 3196, 3202, 6,
4096, 3197, 3203, 6,
4096, 3198, 3204, 6,
4096, 3199, 3205, 6,
4096, 3200, 3206, 6,
4096, 3201, 3207, 6,
4096, 3202, 3208, 6,
4096, 3203, 3209, 6,
4096, 3204, 3210, 6,
4096, 3205, 3211, 6,
4096, 3206, 3212, 6,
4096, 3207, 3213, 6,
4096, 3208, 3214, 6,
4096, 3209, 3215, 6,
4096, 3210, 3216, 6,
4096, 3211, 3217, 6,
4096, 3212, 3218, 6,
4096, 3213, 3219, 6,
4096, 3214, 3220, 6,
4096, 3215, 3221, 6,
4096, 3216, 3222, 6,
4096, 3217, 3223, 6,
4096, 3218, 3224, 6,
4096, 3219, 3225, 6,
4096, 3220, 3226, 6,
4096, 3221, 3227, 6,
4096, 3222, 3228, 6,
4096, 3223, 3229, 6,
4096, 3224, 3230, 6,
4096, 3225, 3231, 6,
4096, 3226, 3232, 6,
4096, 3227, 3233, 6,
4096, 3228, 3234, 6,
4096, 3229, 3235, 6,
4096, 3230, 3236, 6,
4096, 3231, 3237, 6,
4096, 3232, 3238, 6,
4096, 3233, 3239, 6,
4096, 3234, 3240, 6,
4096, 3235, 3241, 6,
4096, 3236, 3242, 6,
4096, 3237, 3243, 6,
4096, 3238, 3244, 6,
4096, 3239, 3245, 6,
4096, 3240, 3246, 6,
4096, 3241, 3247, 6,
4096, 3242, 3248, 6,
4096, 3243, 3249, 6,
4096, 3244, 3250, 6,
4096, 3245, 3251, 6,
4096, 3246, 3252, 6,
4096, 3247, 3253, 6,
4096, 3248, 3254, 6,
4096, 3249, 3255, 6,
4096, 3250, 3256, 6,
4096, 3251, 3257, 6,
4096, 3252, 3258, 6,
4096, 3253, 3259, 6,
4096, 3254, 3260, 6,
4096, 3255, 3261, 6,
4096, 3256, 3262, 6,
4096, 3257, 3263, 6,
4096, 3258, 3264, 6,
4096, 3259, 3265, 6,
4096, 3260, 3266, 6,
4096, 3261, 3267, 6,
4096, 3262, 3268, 6,
4096, 3263, 3269, 6,
4096, 3264, 3270, 6,
4096, 3265, 3272, 7,
4096, 3266, 3273, 7,
4096, 3267, 3274, 7,
4096, 3268, 3275, 7,
4096, 3269, 3276, 7,
4096, 3270, 3277, 7,
4096, 3271, 3278, 7,
4096, 3272, 3279, 7,
4096, 3273, 3280, 7,
4096, 3274, 3281, 7,
4096, 3275, 3282, 7,
4096, 3276, 3283, 7,
4096, 3277, 3284, 7,
4096, 3278, 3285, 7,
4096, 3279, 3286, 7,
4096, 3280, 3287, 7,
4096, 3281, 3288, 7,
4096, 3282, 3289, 7,
4096, 3283, 3290, 7,
4096, 3284, 3291, 7,
4096, 3285, 3292, 7,
4096, 3286, 3293, 7,
4096, 3287, 3294, 7,
4096, 3288, 3295, 7,
4096, 3289, 3296, 7,
4096, 3290, 3297, 7,
4096, 3291, 3298, 7,
4096, 3292, 3299, 7,
4096, 3293, 3300, 7,
4096, 3294, 3301, 7,
4096, 3295, 3302, 7,
4096, 3296, 3303, 7,
4096, 3297, 3304, 7,
4096, 3298, 3305, 7,
4096, 3299, 3306, 7,
4096, 3300, 3307, 7,
4096, 3301, 3308, 7,
4096, 3302, 3309, 7,
4096, 3303, 3310, 7,
4096, 3304, 3311, 7,
4096, 3305, 3312, 7,
4096, 3306, 3313, 7,
4096, 3307, 3314, 7,
4096, 3308, 3315, 7,
4096, 3309, 3316, 7,
4096, 3310, 3317, 7,
4096, 3311, 3318, 7,
4096, 3312, 3319, 7,
4096, 3313, 3320, 7,
4096, 3314, 3321, 7,
4096, 3315, 3322, 7,
4096, 3316, 3323, 7,
4096, 3317, 3324, 7,
4096, 3318, 3325, 7,
4096, 3319, 3326, 7,
4096, 3320, 3327, 7,
4096, 3321, 3328, 7,
4096, 3322, 3329, 7,
4096, 3323, 3330, 7,
4096, 3324, 3331, 7,
4096, 3325, 3332, 7,
4096, 3326, 3333, 7,
4096, 3327, 3334, 7,
4096, 3328, 3335, 7,
4096, 3329, 3336, 7,
4096, 3330, 3337, 7,
4096, 3331, 3338, 7,
4096, 3332, 3339, 7,
4096, 3333, 3340, 7,
4096, 3334, 3341, 7,
4096, 3335, 3342, 7,
4096, 3336, 3343, 7,
4096, 3337, 3344, 7,
4096, 3338, 3345, 7,
4096, 3339, 3346, 7,
4096, 3340, 3347, 7,
4096, 3341, 3348, 7,
4096, 3342, 3349, 7,
4096, 3343, 3350, 7,
4096, 3344, 3351, 7,
4096, 3345, 3352, 7,
4096, 3346, 3353, 7,
4096, 3347, 3354, 7,
4096, 3348, 3355, 7,
4096, 3349, 3356, 7,
4096, 3350, 3357, 7,
4096, 3351, 3358, 7,
4096, 3352, 3359, 7,
4096, 3353, 3360, 7,
4096, 3354, 3361, 7,
4096, 3355, 3362, 7,
4096, 3356, 3363, 7,
4096, 3357, 3364, 7,
4096, 3358, 3365, 7,
4096, 3359, 3366, 7,
4096, 3360, 3367, 7,
4096, 3361, 3368, 7,
4096, 3362, 3369, 7,
4096, 3363, 3370, 7,
4096, 3364, 3371, 7,
4096, 3365, 3372, 7,
4096, 3366, 3373, 7,
4096, 3367, 3374, 7,
4096, 3368, 3375, 7,
4096, 3369, 3376, 7,
4096, 3370, 3377, 7,
4096, 3371, 3378, 7,
4096, 3372, 3379, 7,
4096, 3373, 3380, 7,
4096, 3374, 3381, 7,
4096, 3375, 3382, 7,
4096, 3376, 3383, 7,
4096, 3377, 3384, 7,
4096, 3378, 3385, 7,
4096, 3379, 3386, 7,
4096, 3380, 3387, 7,
4096, 3381, 3388, 7,
4096, 3382, 3389, 7,
4096, 3383, 3390, 7,
4096, 3384, 3391, 7,
4096, 3385, 3392, 7,
4096, 3386, 3393, 7,
4096, 3387, 3394, 7,
4096, 3388, 3395, 7,
4096, 3389, 3396, 7,
4096, 3390, 3397, 7,
4096, 3391, 3398, 7,
4096, 3392, 3399, 7,
4096, 3393, 3400, 7,
4096, 3394, 3401, 7,
4096, 3395, 3402, 7,
4096, 3396, 3403, 7,
4096, 3397, 3404, 7,
4096, 3398, 3405, 7,
4096, 3399, 3406, 7,
4096, 3400, 3407, 7,
4096, 3401, 3408, 7,
4096, 3402, 3409, 7,
4096, 3403, 3410, 7,
4096, 3404, 3411, 7,
4096, 3405, 3412, 7,
4096, 3406, 3413, 7,
4096, 3407, 3414, 7,
4096, 3408, 3415, 7,
4096, 3409, 3416, 7,
4096, 3410, 3417, 7,
4096, 3411, 3418, 7,
4096, 3412, 3419, 7,
4096, 3413, 3420, 7,
4096, 3414, 3421, 7,
4096, 3415, 3422, 7,
4096, 3416, 3423, 7,
4096, 3417, 3424, 7,
4096, 3418, 3425, 7,
4096, 3419, 3426, 7,
4096, 3420, 3427, 7,
4096, 3421, 3428, 7,
4096, 3422, 3429, 7,
4096, 3423, 3430, 7,
4096, 3424, 3431, 7,
4096, 3425, 3432, 7,
4096, 3426, 3433, 7,
4096, 3427, 3434, 7,
4096, 3428, 3435, 7,
4096, 3429, 3436, 7,
4096, 3430, 3437, 7,
4096, 3431, 3438, 7,
4096, 3432, 3439, 7,
4096, 3433, 3440, 7,
4096, 3434, 3441, 7,
4096, 3435, 3442, 7,
4096, 3436, 3443, 7,
4096, 3437, 3444, 7,
4096, 3438, 3445, 7,
4096, 3439, 3446, 7,
4096, 3440, 3447, 7,
4096, 3441, 3448, 7,
4096, 3442, 3449, 7,
4096, 3443, 3450, 7,
4096, 3444, 3451, 7,
4096, 3445, 3452, 7,
4096, 3446, 3453, 7,
4096, 3447, 3454, 7,
4096, 3448, 3455, 7,
4096, 3449, 3456, 7,
4096, 3450, 3457, 7,
4096, 3451, 3458, 7,
4096, 3452, 3459, 7,
4096, 3453, 3460, 7,
4096, 3454, 3461, 7,
4096, 3455, 3462, 7,
4096, 3456, 3463, 7,
4096, 3457, 3464, 7,
4096, 3458, 3465, 7,
4096, 3459, 3466, 7,
4096, 3460, 3467, 7,
4096, 3461, 3468, 7,
4096, 3462, 3469, 7,
4096, 3463, 3470, 7,
4096, 3464, 3471, 7,
4096, 3465, 3472, 7,
4096, 3466, 3473, 7,
4096, 3467, 3474, 7,
4096, 3468, 3475, 7,
4096, 3469, 3476, 7,
4096, 3470, 3477, 7,
4096, 3471, 3478, 7,
4096, 3472, 3479, 7,
4096, 3473, 3480, 7,
4096, 3474, 3481, 7,
4096, 3475, 3482, 7,
4096, 3476, 3483, 7,
4096, 3477, 3484, 7,
4096, 3478, 3485, 7,
4096, 3479, 3486, 7,
4096, 3480, 3487, 7,
4096, 3481, 3488, 7,
4096, 3482, 3489, 7,
4096, 3483, 3490, 7,
4096, 3484, 3491, 7,
4096, 3485, 3492, 7,
4096, 3486, 3493, 7,
4096, 3487, 3494, 7,
4096, 3488, 3495, 7,
4096, 3489, 3496, 7,
4096, 3490, 3497, 7,
4096, 3491, 3498, 7,
4096, 3492, 3499, 7,
4096, 3493, 3500, 7,
4096, 3494, 3501, 7,
4096, 3495, 3502, 7,
4096, 3496, 3503, 7,
4096, 3497, 3504, 7,
4096, 3498, 3505, 7,
4096, 3499, 3506, 7,
4096, 3500, 3507, 7,
4096, 3501, 3508, 7,
4096, 3502, 3509, 7,
4096, 3503, 3510, 7,
4096, 3504, 3511, 7,
4096, 3505, 3512, 7,
4096, 3506, 3513, 7,
4096, 3507, 3514, 7,
4096, 3508, 3515, 7,
4096, 3509, 3516, 7,
4096, 3510, 3517, 7,
4096, 3511, 3518, 7,
4096, 3512, 3519, 7,
4096, 3513, 3520, 7,
4096, 3514, 3521, 7,
4096, 3515, 3522, 7,
4096, 3516, 3523, 7,
4096, 3517, 3524, 7,
4096, 3518, 3525, 7,
4096, 3519, 3526, 7,
4096, 3520, 3527, 7,
4096, 3521, 3528, 7,
4096, 3522, 3529, 7,
4096, 3523, 3530, 7,
4096, 3524, 3531, 7,
4096, 3525, 3532, 7,
4096, 3526, 3533, 7,
4096, 3527, 3534, 7,
4096, 3528, 3535, 7,
4096, 3529, 3536, 7,
4096, 3530, 3537, 7,
4096, 3531, 3538, 7,
4096, 3532, 3539, 7,
4096, 3533, 3540, 7,
4096, 3534, 3541, 7,
4096, 3535, 3542, 7,
4096, 3536, 3543, 7,
4096, 3537, 3544, 7,
4096, 3538, 3545, 7,
4096, 3539, 3546, 7,
4096, 3540, 3547, 7,
4096, 3541, 3548, 7,
4096, 3542, 3549, 7,
4096, 3543, 3550, 7,
4096, 3544, 3551, 7,
4096, 3545, 3552, 7,
4096, 3546, 3553, 7,
4096, 3547, 3554, 7,
4096, 3548, 3555, 7,
4096, 3549, 3556, 7,
4096, 3550, 3557, 7,
4096, 3551, 3558, 7,
4096, 3552, 3559, 7,
4096, 3553, 3560, 7,
4096, 3554, 3561, 7,
4096, 3555, 3562, 7,
4096, 3556, 3563, 7,
4096, 3557, 3564, 7,
4096, 3558, 3565, 7,
4096, 3559, 3566, 7,
4096, 3560, 3567, 7,
4096, 3561, 3568, 7,
4096, 3562, 3569, 7,
4096, 3563, 3570, 7,
4096, 3564, 3571, 7,
4096, 3565, 3572, 7,
4096, 3566, 3573, 7,
4096, 3567, 3574, 7,
4096, 3568, 3575, 7,
4096, 3569, 3576, 7,
4096, 3570, 3577, 7,
4096, 3571, 3578, 7,
4096, 3572, 3579, 7,
4096, 3573, 3580, 7,
4096, 3574, 3581, 7,
4096, 3575, 3582, 7,
4096, 3576, 3583, 7,
4096, 3577, 3584, 7,
4096, 3578, 3585, 7,
4096, 3579, 3586, 7,
4096, 3580, 3587, 7,
4096, 3581, 3588, 7,
4096, 3582, 3589, 7,
4096, 3583, 3590, 7,
4096, 3584, 3591, 7,
4096, 3585, 3592, 7,
4096, 3586, 3593, 7,
4096, 3587, 3594, 7,
4096, 3588, 3595, 7,
4096, 3589, 3596, 7,
4096, 3590, 3597, 7,
4096, 3591, 3598, 7,
4096, 3592, 3599, 7,
4096, 3593, 3600, 7,
4096, 3594, 3601, 7,
4096, 3595, 3602, 7,
4096, 3596, 3603, 7,
4096, 3597, 3604, 7,
4096, 3598, 3605, 7,
4096, 3599, 3606, 7,
4096, 3600, 3607, 7,
4096, 3601, 3608, 7,
4096, 3602, 3609, 7,
4096, 3603, 3610, 7,
4096, 3604, 3611, 7,
4096, 3605, 3612, 7,
4096, 3606, 3613, 7,
4096, 3607, 3614, 7,
4096, 3608, 3615, 7,
4096, 3609, 3616, 7,
4096, 3610, 3617, 7,
4096, 3611, 3618, 7,
4096, 3612, 3619, 7,
4096, 3613, 3620, 7,
4096, 3614, 3621, 7,
4096, 3615, 3622, 7,
4096, 3616, 3623, 7,
4096, 3617, 3624, 7,
4096, 3618, 3625, 7,
4096, 3619, 3626, 7,
4096, 3620, 3627, 7,
4096, 3621, 3628, 7,
4096, 3622, 3629, 7,
4096, 3623, 3630, 7,
4096, 3624, 3631, 7,
4096, 3625, 3632, 7,
4096, 3626, 3633, 7,
4096, 3627, 3634, 7,
4096, 3628, 3635, 7,
4096, 3629, 3636, 7,
4096, 3630, 3637, 7,
4096, 3631, 3638, 7,
4096, 3632, 3639, 7,
4096, 3633, 3640, 7,
4096, 3634, 3641, 7,
4096, 3635, 3642, 7,
4096, 3636, 3643, 7,
4096, 3637, 3644, 7,
4096, 3638, 3645, 7,
4096, 3639, 3646, 7,
4096, 3640, 3647, 7,
4096, 3641, 3648, 7,
4096, 3642, 3649, 7,
4096, 3643, 3650, 7,
4096, 3644, 3651, 7,
4096, 3645, 3652, 7,
4096, 3646, 3653, 7,
4096, 3647, 3654, 7,
4096, 3648, 3655, 7,
4096, 3649, 3656, 7,
4096, 3650, 3657, 7,
4096, 3651, 3658, 7,
4096, 3652, 3659, 7,
4096, 3653, 3660, 7,
4096, 3654, 3661, 7,
4096, 3655, 3662, 7,
4096, 3656, 3663, 7,
4096, 3657, 3664, 7,
4096, 3658, 3665, 7,
4096, 3659, 3666, 7,
4096, 3660, 3667, 7,
4096, 3661, 3668, 7,
4096, 3662, 3669, 7,
4096, 3663, 3670, 7,
4096, 3664, 3671, 7,
4096, 3665, 3672, 7,
4096, 3666, 3673, 7,
4096, 3667, 3674, 7,
4096, 3668, 3675, 7,
4096, 3669, 3676, 7,
4096, 3670, 3677, 7,
4096, 3671, 3678, 7,
4096, 3672, 3679, 7,
4096, 3673, 3680, 7,
4096, 3674, 3681, 7,
4096, 3675, 3682, 7,
4096, 3676, 3683, 7,
4096, 3677, 3684, 7,
4096, 3678, 3685, 7,
4096, 3679, 3686, 7,
4096, 3680, 3687, 7,
4096, 3681, 3688, 7,
4096, 3682, 3689, 7,
4096, 3683, 3690, 7,
4096, 3684, 3691, 7,
4096, 3685, 3692, 7,
4096, 3686, 3693, 7,
4096, 3687, 3694, 7,
4096, 3688, 3695, 7,
4096, 3689, 3696, 7,
4096, 3690, 3697, 7,
4096, 3691, 3698, 7,
4096, 3692, 3699, 7,
4096, 3693, 3700, 7,
4096, 3694, 3701, 7,
4096, 3695, 3702, 7,
4096, 3696, 3703, 7,
4096, 3697, 3704, 7,
4096, 3698, 3705, 7,
4096, 3699, 3706, 7,
4096, 3700, 3707, 7,
4096, 3701, 3708, 7,
4096, 3702, 3709, 7,
4096, 3703, 3710, 7,
4096, 3704, 3711, 7,
4096, 3705, 3712, 7,
4096, 3706, 3713, 7,
4096, 3707, 3714, 7,
4096, 3708, 3715, 7,
4096, 3709, 3716, 7,
4096, 3710, 3717, 7,
4096, 3711, 3718, 7,
4096, 3712, 3719, 7,
4096, 3713, 3720, 7,
4096, 3714, 3721, 7,
4096, 3715, 3722, 7,
4096, 3716, 3723, 7,
4096, 3717, 3724, 7,
4096, 3718, 3725, 7,
4096, 3719, 3726, 7,
4096, 3720, 3727, 7,
4096, 3721, 3728, 7,
4096, 3722, 3729, 7,
4096, 3723, 3730, 7,
4096, 3724, 3731, 7,
4096, 3725, 3732, 7,
4096, 3726, 3733, 7,
4096, 3727, 3734, 7,
4096, 3728, 3735, 7,
4096, 3729, 3736, 7,
4096, 3730, 3737, 7,
4096, 3731, 3738, 7,
4096, 3732, 3739, 7,
4096, 3733, 3740, 7,
4096, 3734, 3741, 7,
4096, 3735, 3742, 7,
4096, 3736, 3743, 7,
4096, 3737, 3744, 7,
4096, 3738, 3745, 7,
4096, 3739, 3746, 7,
4096, 3740, 3747, 7,
4096, 3741, 3748, 7,
4096, 3742, 3749, 7,
4096, 3743, 3750, 7,
4096, 3744, 3751, 7,
4096, 3745, 3752, 7,
4096, 3746, 3753, 7,
4096, 3747, 3754, 7,
4096, 3748, 3755, 7,
4096, 3749, 3756, 7,
4096, 3750, 3757, 7,
4096, 3751, 3758, 7,
4096, 3752, 3759, 7,
4096, 3753, 3760, 7,
4096, 3754, 3761, 7,
4096, 3755, 3762, 7,
4096, 3756, 3763, 7,
4096, 3757, 3764, 7,
4096, 3758, 3765, 7,
4096, 3759, 3766, 7,
4096, 3760, 3767, 7,
4096, 3761, 3768, 7,
4096, 3762, 3769, 7,
4096, 3763, 3770, 7,
4096, 3764, 3771, 7,
4096, 3765, 3772, 7,
4096, 3766, 3773, 7,
4096, 3767, 3774, 7,
4096, 3768, 3775, 7,
4096, 3769, 3776, 7,
4096, 3770, 3777, 7,
4096, 3771, 3778, 7,
4096, 3772, 3779, 7,
4096, 3773, 3780, 7,
4096, 3774, 3781, 7,
4096, 3775, 3782, 7,
4096, 3776, 3783, 7,
4096, 3777, 3785, 8,
4096, 3778, 3786, 8,
4096, 3779, 3787, 8,
4096, 3780, 3788, 8,
4096, 3781, 3789, 8,
4096, 3782, 3790, 8,
4096, 3783, 3791, 8,
4096, 3784, 3792, 8,
4096, 3785, 3793, 8,
4096, 3786, 3794, 8,
4096, 3787, 3795, 8,
4096, 3788, 3796, 8,
4096, 3789, 3797, 8,
4096, 3790, 3798, 8,
4096, 3791, 3799, 8,
4096, 3792, 3800, 8,
4096, 3793, 3801, 8,
4096, 3794, 3802, 8,
4096, 3795, 3803, 8,
4096, 3796, 3804, 8,
4096, 3797, 3805, 8,
4096, 3798, 3806, 8,
4096, 3799, 3807, 8,
4096, 3800, 3808, 8,
4096, 3801, 3809, 8,
4096, 3802, 3810, 8,
4096, 3803, 3811, 8,
4096, 3804, 3812, 8,
4096, 3805, 3813, 8,
4096, 3806, 3814, 8,
4096, 3807, 3815, 8,
4096, 3808, 3816, 8,
4096, 3809, 3817, 8,
4096, 3810, 3818, 8,
4096, 3811, 3819, 8,
4096, 3812, 3820, 8,
4096, 3813, 3821, 8,
4096, 3814, 3822, 8,
4096, 3815, 3823, 8,
4096, 3816, 3824, 8,
4096, 3817, 3825, 8,
4096, 3818, 3826, 8,
4096, 3819, 3827, 8,
4096, 3820, 3828, 8,
4096, 3821, 3829, 8,
4096, 3822, 3830, 8,
4096, 3823, 3831, 8,
4096, 3824, 3832, 8,
4096, 3825, 3833, 8,
4096, 3826, 3834, 8,
4096, 3827, 3835, 8,
4096, 3828, 3836, 8,
4096, 3829, 3837, 8,
4096, 3830, 3838, 8,
4096, 3831, 3839, 8,
4096, 3832, 3840, 8,
4096, 3833, 3841, 8,
4096, 3834, 3842, 8,
4096, 3835, 3843, 8,
4096, 3836, 3844, 8,
4096, 3837, 3845, 8,
4096, 3838, 3846, 8,
4096, 3839, 3847, 8,
4096, 3840, 3848, 8,
4096, 3841, 3849, 8,
4096, 3842, 3850, 8,
4096, 3843, 3851, 8,
4096, 3844, 3852, 8,
4096, 3845, 3853, 8,
4096, 3846, 3854, 8,
4096, 3847, 3855, 8,
4096, 3848, 3856, 8,
4096, 3849, 3857, 8,
4096, 3850, 3858, 8,
4096, 3851, 3859, 8,
4096, 3852, 3860, 8,
4096, 3853, 3861, 8,
4096, 3854, 3862, 8,
4096, 3855, 3863, 8,
4096, 3856, 3864, 8,
4096, 3857, 3865, 8,
4096, 3858, 3866, 8,
4096, 3859, 3867, 8,
4096, 3860, 3868, 8,
4096, 3861, 3869, 8,
4096, 3862, 3870, 8,
4096, 3863, 3871, 8,
4096, 3864, 3872, 8,
4096, 3865, 3873, 8,
4096, 3866, 3874, 8,
4096, 3867, 3875, 8,
4096, 3868, 3876, 8,
4096, 3869, 3877, 8,
4096, 3870, 3878, 8,
4096, 3871, 3879, 8,
4096, 3872, 3880, 8,
4096, 3873, 3881, 8,
4096, 3874, 3882, 8,
4096, 3875, 3883, 8,
4096, 3876, 3884, 8,
4096, 3877, 3885, 8,
4096, 3878, 3886, 8,
4096, 3879, 3887, 8,
4096, 3880, 3888, 8,
4096, 3881, 3889, 8,
4096, 3882, 3890, 8,
4096, 3883, 3891, 8,
4096, 3884, 3892, 8,
4096, 3885, 3893, 8,
4096, 3886, 3894, 8,
4096, 3887, 3895, 8,
4096, 3888, 3896, 8,
4096, 3889, 3897, 8,
4096, 3890, 3898, 8,
4096, 3891, 3899, 8,
4096, 3892, 3900, 8,
4096, 3893, 3901, 8,
4096, 3894, 3902, 8,
4096, 3895, 3903, 8,
4096, 3896, 3904, 8,
4096, 3897, 3905, 8,
4096, 3898, 3906, 8,
4096, 3899, 3907, 8,
4096, 3900, 3908, 8,
4096, 3901, 3909, 8,
4096, 3902, 3910, 8,
4096, 3903, 3911, 8,
4096, 3904, 3912, 8,
4096, 3905, 3913, 8,
4096, 3906, 3914, 8,
4096, 3907, 3915, 8,
4096, 3908, 3916, 8,
4096, 3909, 3917, 8,
4096, 3910, 3918, 8,
4096, 3911, 3919, 8,
4096, 3912, 3920, 8,
4096, 3913, 3921, 8,
4096, 3914, 3922, 8,
4096, 3915, 3923, 8,
4096, 3916, 3924, 8,
4096, 3917, 3925, 8,
4096, 3918, 3926, 8,
4096, 3919, 3927, 8,
4096, 3920, 3928, 8,
4096, 3921, 3929, 8,
4096, 3922, 3930, 8,
4096, 3923, 3931, 8,
4096, 3924, 3932, 8,
4096, 3925, 3933, 8,
4096, 3926, 3934, 8,
4096, 3927, 3935, 8,
4096, 3928, 3936, 8,
4096, 3929, 3937, 8,
4096, 3930, 3938, 8,
4096, 3931, 3939, 8,
4096, 3932, 3940, 8,
4096, 3933, 3941, 8,
4096, 3934, 3942, 8,
4096, 3935, 3943, 8,
4096, 3936, 3944, 8,
4096, 3937, 3945, 8,
4096, 3938, 3946, 8,
4096, 3939, 3947, 8,
4096, 3940, 3948, 8,
4096, 3941, 3949, 8,
4096, 3942, 3950, 8,
4096, 3943, 3951, 8,
4096, 3944, 3952, 8,
4096, 3945, 3953, 8,
4096, 3946, 3954, 8,
4096, 3947, 3955, 8,
4096, 3948, 3956, 8,
4096, 3949, 3957, 8,
4096, 3950, 3958, 8,
4096, 3951, 3959, 8,
4096, 3952, 3960, 8,
4096, 3953, 3961, 8,
4096, 3954, 3962, 8,
4096, 3955, 3963, 8,
4096, 3956, 3964, 8,
4096, 3957, 3965, 8,
4096, 3958, 3966, 8,
4096, 3959, 3967, 8,
4096, 3960, 3968, 8,
4096, 3961, 3969, 8,
4096, 3962, 3970, 8,
4096, 3963, 3971, 8,
4096, 3964, 3972, 8,
4096, 3965, 3973, 8,
4096, 3966, 3974, 8,
4096, 3967, 3975, 8,
4096, 3968, 3976, 8,
4096, 3969, 3977, 8,
4096, 3970, 3978, 8,
4096, 3971, 3979, 8,
4096, 3972, 3980, 8,
4096, 3973, 3981, 8,
4096, 3974, 3982, 8,
4096, 3975, 3983, 8,
4096, 3976, 3984, 8,
4096, 3977, 3985, 8,
4096, 3978, 3986, 8,
4096, 3979, 3987, 8,
4096, 3980, 3988, 8,
4096, 3981, 3989, 8,
4096, 3982, 3990, 8,
4096, 3983, 3991, 8,
4096, 3984, 3992, 8,
4096, 3985, 3993, 8,
4096, 3986, 3994, 8,
4096, 3987, 3995, 8,
4096, 3988, 3996, 8,
4096, 3989, 3997, 8,
4096, 3990, 3998, 8,
4096, 3991, 3999, 8,
4096, 3992, 4000, 8,
4096, 3993, 4001, 8,
4096, 3994, 4002, 8,
4096, 3995, 4003, 8,
4096, 3996, 4004, 8,
4096, 3997, 4005, 8,
4096, 3998, 4006, 8,
4096, 3999, 4007, 8,
4096, 4000, 4008, 8,
4096, 4001, 4009, 8,
4096, 4002, 4010, 8,
4096, 4003, 4011, 8,
4096, 4004, 4012, 8,
4096, 4005, 4013, 8,
4096, 4006, 4014, 8,
4096, 4007, 4015, 8,
4096, 4008, 4016, 8,
4096, 4009, 4017, 8,
4096, 4010, 4018, 8,
4096, 4011, 4019, 8,
4096, 4012, 4020, 8,
4096, 4013, 4021, 8,
4096, 4014, 4022, 8,
4096, 4015, 4023, 8,
4096, 4016, 4024, 8,
4096, 4017, 4025, 8,
4096, 4018, 4026, 8,
4096, 4019, 4027, 8,
4096, 4020, 4028, 8,
4096, 4021, 4029, 8,
4096, 4022, 4030, 8,
4096, 4023, 4031, 8,
4096, 4024, 4032, 8,
4096, 4025, 4033, 8,
4096, 4026, 4034, 8,
4096, 4027, 4035, 8,
4096, 4028, 4036, 8,
4096, 4029, 4037, 8,
4096, 4030, 4038, 8,
4096, 4031, 4039, 8,
4096, 4032, 4040, 8,
4096, 4033, 4041, 8,
4096, 4034, 4042, 8,
4096, 4035, 4043, 8,
4096, 4036, 4044, 8,
4096, 4037, 4045, 8,
4096, 4038, 4046, 8,
4096, 4039, 4047, 8,
4096, 4040, 4048, 8,
4096, 4041, 4049, 8,
4096, 4042, 4050, 8,
4096, 4043, 4051, 8,
4096, 4044, 4052, 8,
4096, 4045, 4053, 8,
4096, 4046, 4054, 8,
4096, 4047, 4055, 8,
4096, 4048, 4056, 8,
4096, 4049, 4057, 8,
4096, 4050, 4058, 8,
4096, 4051, 4059, 8,
4096, 4052, 4060, 8,
4096, 4053, 4061, 8,
4096, 4054, 4062, 8,
4096, 4055, 4063, 8,
4096, 4056, 4064, 8,
4096, 4057, 4065, 8,
4096, 4058, 4066, 8,
4096, 4059, 4067, 8,
4096, 4060, 4068, 8,
4096, 4061, 4069, 8,
4096, 4062, 4070, 8,
4096, 4063, 4071, 8,
4096, 4064, 4072, 8,
4096, 4065, 4073, 8,
4096, 4066, 4074, 8,
4096, 4067, 4075, 8,
4096, 4068, 4076, 8,
4096, 4069, 4077, 8,
4096, 4070, 4078, 8,
4096, 4071, 4079, 8,
4096, 4072, 4080, 8,
4096, 4073, 4081, 8,
4096, 4074, 4082, 8,
4096, 4075, 4083, 8,
4096, 4076, 4084, 8,
4096, 4077, 4085, 8,
4096, 4078, 4086, 8,
4096, 4079, 4087, 8,
4096, 4080, 4088, 8,
4096, 4081, 4089, 8,
4096, 4082, 4090, 8,
4096, 4083, 4091, 8,
4096, 4084, 4092, 8,
4096, 4085, 4093, 8,
4096, 4086, 4094, 8,
4096, 4087, 4095, 8,
4096, 4088, 4096, 8,
4096, 4089, 4097, 8,
4096, 4090, 4098, 8,
4096, 4091, 4099, 8,
4096, 4092, 4100, 8,
4096, 4093, 4101, 8,
4096, 4094, 4102, 8,
4096, 4095, 4103, 8,
